from,to
OAFZ,DBK
OAFZ,KZ-0018
OAFZ,UT1C
OAFZ,OASD
OAFZ,IQ-0036
OAFZ,DBU
OAFZ,ID-0167
OAFZ,RKTE
OAFZ,VNNG
OAFZ,LTAR
OAFZ,IQ-0035
OAFZ,SG-0003
OAFZ,OANL
OAFZ,LTBR
OAFZ,KR-0064
OAFZ,AF-0001
OAFZ,OAMN
HETB,LTAS
HETB,KZ-0026
HETB,RK95
HETB,DBK
HETB,VNPK
HETB,ID-0088
HETB,KR-0611
HETB,OATQ
HETB,AF-0001
HETB,OM-0010
HETB,UASS
HETB,RKPE
HETB,VNBP
HETB,WIDS
HETB,OAYW
HETB,OAA
HK-0063,ID-0266
HK-0063,KZ-0009
HK-0063,OAYW
HK-0063,OM-0010
HK-0063,TJ-UT44
HK-0063,VCCW
HK-0063,VCCB
HK-0063,OM-0027
HK-0063,OALP
HK-0063,VCCC
HK-0063,UAUU
HK-0063,AFK
HK-0063,VHHX
HK-0063,LTCE
HK-0063,KEZ
HK-0063,TJ-0003
HK-0063,KR-0611
HK-0063,WSSS
HK-0063,TJ-0008
UAUU,WSAT
UAUU,WI1G
UAUU,KZ-0031
UAUU,WAFM
UAUU,KZ-0068
UAUU,IQ-0005
UAUU,AFK
UAUU,VCCW
UAUU,LTAJ
UAUU,VNSB
UAUU,TR-0215
UAUU,VNMG
UAUU,HK-0063
UAUU,OM-0006
UAUU,LTAD
UAUU,LTBL
UAUU,TJ-0002
UAUU,VHHX
UAUU,LTAK
UAUU,KZ-0018
UAUU,VNKL
UAUU,VNPK
UAUU,SG-0002
OOSA,LTCE
OOSA,VHHX
OOSA,VNTR
OOSA,OAMN
OOSA,UTDL
OOSA,TJ-UT46
OOSA,IQ-0047
OOSA,VNTH
OOSA,VCCN
OOSA,KZ-0070
OOSA,AF04
OOSA,TR-0018
OOSA,VNNG
OOSA,VNSB
OOSA,VNGK
OOSA,DBU
OOSA,IQ-0023
OOSA,VCCB
OOSH,HK-0079
OOSH,HE46
OOSH,IQ-0013
OOSH,IQ-0037
OOSH,TJ-UT46
OOSH,VCCC
OOSH,LTCE
OOSH,OM-0027
OOSH,NP-MWP
OOSH,TJ-0008
OOSH,VCCS
OOSH,TR-0022
OOSH,KZ-0026
OOSH,NP-0015
OOSH,HBT
OOSH,TJ-0003
ID-0077,WAWW
ID-0077,KZ-0068
ID-0077,KW-0016
ID-0077,WSSL
ID-0077,VNDR
ID-0077,OM-0009
ID-0077,OOTH
ID-0077,KZ-0018
ID-0077,LTBC
ID-0077,KZ-0026
ID-0077,ORTL
ID-0077,LTCH
ID-0077,HK-0079
ID-0077,AFK
ID-0077,ORAT
RKRN,KEZ
RKRN,NP-0015
RKRN,TJ-UT45
RKRN,TJ-0008
RKRN,OAQN
RKRN,OOII
RKRN,HK-0008
RKRN,OAGZ
RKRN,SG-0002
RKRN,WIIK
RKRN,KZ-0018
RKRN,VNCG
RKRN,DBK
RKRN,KR-0057
RKRN,OM-0004
WSSS,ID-0062
WSSS,TR-0031
WSSS,BJQ
WSSS,IQ-0011
WSSS,KW-0016
WSSS,UATR
WSSS,OAA
WSSS,HEAR
WSSS,KZ-0018
WSSS,LTFG
WSSS,RKTE
WSSS,TJ-0009
WSSS,KR-0611
WSSS,HK-0063
WAPC,RKPC
WAPC,OOFD
WAPC,ORAT
WAPC,VNBP
WAPC,OKAS
WAPC,VNDG
WAPC,KZ-0019
WAPC,VCCC
WAPC,IQ-0013
RK25,ID-0083
RK25,TJ-0001
RK25,VNDG
RK25,KZ-0078
RK25,UT1B
RK25,OANL
RK25,VCCN
RK25,OASA
RK25,ORNI
RK25,KZ-0067
RK25,VCCC
RK25,IQ-0010
RK25,VCCJ
RK25,UTDT
RK25,TR-0031
KZ-0114,NP-MWP
KZ-0114,HEGR
KZ-0114,AF-0006
KZ-0114,OKDI
KZ-0114,DBU
KZ-0114,OALP
KZ-0114,VCCW
KZ-0114,RKPE
KZ-0114,VNMG
KZ-0114,KZ-0031
KZ-0114,OM-0009
KZ-0114,AF-0005
KZ-0114,TR-0031
KZ-0114,WIDS
KZ-0114,KZ-0009
DWO,TJ-0005
DWO,DBK
DWO,ID-0085
DWO,KW-0016
DWO,TJ-0001
DWO,VCCS
DWO,HK-0079
DWO,OAYW
DWO,ID-0062
DWO,LK-0002
DWO,ORAT
DWO,HK-0002
DWO,OM-0007
WSSL,WSAP
WSSL,HBT
WSSL,ID-0077
WSSL,SG-0005
WSSL,IQ-0035
WSSL,OM-0020
WSSL,VNTH
WSSL,OM-0036
WSSL,OALP
WSSL,AF04
WSSL,WABC
WSSL,UAIT
WSSL,LTAK
WSSL,ID-0139
WSSL,IQ-0010
WSSL,AF-0006
WSSL,RK95
WSSL,OM-0006
WSSL,KZ-0012
WSSL,IQ-0029
WSSL,ORTL
WSSL,KR-0057
TR-0016,TR-0080
TR-0016,RKPE
TR-0016,DBU
TR-0016,HBT
TR-0016,HK-0081
TR-0016,OM-0009
TR-0016,OOII
TR-0016,ID-0139
TR-0016,VHHH
TR-0016,KZ-0067
TR-0016,VCCJ
TR-0016,LTCE
TR-0016,VHSK
TR-0016,KZ-0030
TR-0016,VNSB
HE46,OOSH
HE46,LTBT
HE46,VNBP
HE46,KZ-0030
HE46,IQ-0052
HE46,IQ-0013
HE46,OOIZ
HE46,TJ-0005
HE46,VNNG
HE46,OALP
HE46,VCCJ
HE46,VNSL
HE46,VNKL
HE46,WAWW
WIOS,RKUL
WIOS,IQ-0035
WIOS,OASA
WIOS,OM-0009
WIOS,VNSL
WIOS,VNMN
WIOS,IQ-0037
WIOS,UAII
WIOS,SG-0003
WIOS,OANL
WIOS,VCCB
WIOS,KZ-0030
WIOS,KZ-0083
RK22,KDZ
RK22,AF04
RK22,KZ-0067
RK22,HK-0099
RK22,IQ-0013
RK22,OKBK
RK22,OOII
RK22,WSAT
RK22,KDW
RK22,IQ-0055
RK22,DBU
RK22,TR-0031
RK22,OM-0020
KDW,VNNG
KDW,LTFH
KDW,ORTL
KDW,OM-0004
KDW,OOTH
KDW,VCCJ
KDW,ID-0062
KDW,ID-0176
KDW,LTFG
KDW,KZ-0012
KDW,ID-0139
KDW,KZ-0026
KDW,TJ-0009
KDW,RK22
KDW,LK-0002
KDW,VNGK
KDW,OM-0006
KDW,VHHX
KDW,LK-0006
TR-0018,OM-0007
TR-0018,TR-0078
TR-0018,OM-0006
TR-0018,LTAD
TR-0018,RK17
TR-0018,VCCJ
TR-0018,VHHX
TR-0018,ID-0266
TR-0018,LTBC
TR-0018,DBK
TR-0018,TJ-0008
TR-0018,VNSL
TR-0018,VNRC
TR-0018,TJ-UT46
TR-0018,OOSA
TR-0018,TR-0215
TR-0018,Z19M
TR-0018,LTFH
HK-0079,AF04
HK-0079,OOSH
HK-0079,KR-0057
HK-0079,TJ-0005
HK-0079,ID-0011
HK-0079,DWO
HK-0079,OANL
HK-0079,KZ-0083
HK-0079,IQ-0055
HK-0079,UASS
HK-0079,VNSB
HK-0079,ID-0077
HK-0079,OASD
HK-0079,ID-0266
HK-0079,OOII
KDZ,VNBJ
KDZ,RK22
KDZ,OOIZ
KDZ,DBK
KDZ,KZ-0019
KDZ,ORNI
KDZ,DGM
KDZ,SG-0002
KDZ,UT1B
KDZ,VNTP
KDZ,IQ-0006
KDZ,VNRC
TJ-UT44,VCCC
TJ-UT44,WAFM
TJ-UT44,OM-0023
TJ-UT44,ID-0088
TJ-UT44,HK-0063
TJ-UT44,OM-0007
TJ-UT44,KZ-0031
TJ-UT44,OOJA
TJ-UT44,KZ-0051
TJ-UT44,OOFD
TJ-UT44,OAMN
TJ-UT44,KR-0611
TJ-UT44,RKTI
TJ-UT44,WALT
WSAP,OOFD
WSAP,WSSL
WSAP,UT1A
WSAP,KZ-0070
WSAP,ORTL
WSAP,OM-0004
WSAP,ID-0062
WSAP,VHHH
WSAP,HK-0002
WSAP,OAGZ
WSAP,RKTI
WSAP,RK39
WSAP,VCCJ
WSAP,LTBC
WSAP,OAFR
TJ-UT45,IQ-0019
TJ-UT45,AF13
TJ-UT45,ID-0062
TJ-UT45,RKRN
TJ-UT45,VNMN
TJ-UT45,ORAT
TJ-UT45,OM-0007
TJ-UT45,OO42
TJ-UT45,KZ-0012
TJ-UT45,RKPC
TJ-UT45,UAII
TJ-UT45,LTCE
TJ-UT45,VNNG
TJ-UT45,KZ-0070
TR-0022,ID-0011
TR-0022,AF-0005
TR-0022,IQ-0037
TR-0022,OAMN
TR-0022,ORAT
TR-0022,OM-0004
TR-0022,OAA
TR-0022,LK-0003
TR-0022,WSAC
TR-0022,OOSH
TR-0022,IQ-0049
KZ-0012,OAQN
KZ-0012,NP-MWP
KZ-0012,OM-0010
KZ-0012,OO42
KZ-0012,VNGK
KZ-0012,ID-0266
KZ-0012,RKTI
KZ-0012,KZ-0106
KZ-0012,TJ-UT45
KZ-0012,TJ-0008
KZ-0012,KDW
KZ-0012,OM-0020
KZ-0012,VHHX
KZ-0012,VCCN
KZ-0012,RKUL
KZ-0012,WSSL
KZ-0012,UAII
KZ-0012,LK-0004
KZ-0012,KR-0064
KZ-0012,VNTH
WSAT,HBT
WSAT,UAUU
WSAT,TR-0078
WSAT,IQ-0047
WSAT,KR-0611
WSAT,KZ-0018
WSAT,ORNI
WSAT,OM-0036
WSAT,RK22
WSAT,WAFM
WSAG,VHHH
WSAG,IQ-0010
WSAG,VNTJ
WSAG,RK39
WSAG,KZ-0026
WSAG,AF-0015
WSAG,ID-0083
WSAG,ID-0266
WSAG,RKUL
WSAG,LTCE
WSAG,TJ-0004
WSAG,AFK
WSAG,VNKL
WSAG,OANL
WSAG,KZ-0068
WSAG,OKAS
DGM,OASD
DGM,LK-0003
DGM,OM-0004
DGM,ORTL
DGM,TR-0080
DGM,AF13
DGM,KDZ
DGM,VNTP
DGM,OOII
DGM,LTAJ
ID-0083,OKDI
ID-0083,RK25
ID-0083,WSAG
ID-0083,HK-0008
ID-0083,WASB
ID-0083,IQ-0023
ID-0083,OOFD
ID-0083,LK-0004
ID-0083,VCCW
ID-0083,HBT
ID-0083,LTAK
ID-0083,IQ-0037
ID-0083,IQ-0029
ID-0083,IQ-0005
ID-0083,LTFG
ID-0083,UT1C
ID-0083,RK82
TJ-UT46,RK36
TJ-UT46,VNMN
TJ-UT46,KR-0064
TJ-UT46,OOSH
TJ-UT46,VCCC
TJ-UT46,VNBP
TJ-UT46,KZ-0018
TJ-UT46,OOSA
TJ-UT46,NP-0015
TJ-UT46,ID-0139
TJ-UT46,LTBC
TJ-UT46,TR-0018
TJ-UT46,DBU
TJ-UT46,WAWW
TJ-UT46,VNTH
UATR,KZ-0083
UATR,Z19M
UATR,AF-0006
UATR,WSSS
UATR,IQ-0049
UATR,OM-0020
UATR,LTBL
UATR,WASB
UATR,OOKB
UATR,OM-0007
ID-0085,KZ-0051
ID-0085,AF07
ID-0085,DWO
ID-0085,TJ-0001
ID-0085,DBK
ID-0085,HEGR
ID-0085,UT1B
ID-0085,TJ-0002
ID-0085,AF-0015
ID-0085,VNKL
ID-0085,HK-0001
ID-0085,OOIZ
ID-0085,TR-0080
ID-0085,KZ-0030
ID-0085,OASA
ID-0085,KR-0057
ID-0085,LTBT
ID-0085,TR-0031
ID-0085,UTDK
ID-0085,VCCA
ID-0085,VHSK
ID-0085,RK36
VNKL,DBU
VNKL,VNNG
VNKL,VHSK
VNKL,ID-0085
VNKL,VNCG
VNKL,OANL
VNKL,RKPC
VNKL,VNTJ
VNKL,WSAG
VNKL,OALP
VNKL,TJ-0007
VNKL,HE46
VNKL,IQ-0049
VNKL,UAUU
ID-0088,IQ-0055
ID-0088,VNDG
ID-0088,HETB
ID-0088,HK-0001
ID-0088,TJ-0006
ID-0088,LK-0002
ID-0088,TJ-UT44
ID-0088,TR-0078
ID-0088,IQ-0023
ID-0088,RK95
ID-0088,RK82
ID-0088,OOMS
ID-0088,LK-0003
ID-0088,KZ-0030
ID-0088,VNTH
RK17,TJ-0008
RK17,IQ-0052
RK17,OASD
RK17,LTAD
RK17,TR-0018
RK17,WABC
RK17,AF13
RK17,DBU
RK17,TJ-0007
RK17,HBT
RK17,KR-0621
RK17,LK-0003
RK17,NP-MWP
RK17,OM-0010
RK17,VCCS
RK17,OKAS
RK17,HEGR
RK17,IQ-0037
OAFR,OM-0020
OAFR,VHHH
OAFR,KZ-0067
OAFR,OAHR
OAFR,HK-0002
OAFR,VNMG
OAFR,TJ-0001
OAFR,WSAC
OAFR,WSAP
KZ-0009,HK-0063
KZ-0009,TR-0215
KZ-0009,VCCS
KZ-0009,WAFM
KZ-0009,RKUL
KZ-0009,VNMN
KZ-0009,OM-0020
KZ-0009,KZ-0068
KZ-0009,IQ-0001
KZ-0009,KZ-0114
KZ-0009,ORTL
KZ-0009,OM-0036
KZ-0009,ID-0176
KZ-0009,UAII
KZ-0009,OM-0010
KZ-0009,VCCN
KEZ,RK82
KEZ,RKRN
KEZ,OAGZ
KEZ,NP-MWP
KEZ,IQ-0010
KEZ,OKAS
KEZ,OAYW
KEZ,RKPU
KEZ,OOMS
KEZ,IQ-0011
KEZ,KR-0611
KEZ,SG-0004
KEZ,HK-0002
KEZ,WI1G
KEZ,EG-0004
KEZ,KZ-0078
KEZ,IQ-0036
KEZ,KZ-0026
KEZ,TJ-0006
KEZ,HK-0063
KEZ,LTAJ
KEZ,HEAR
TR-0031,WSSS
TR-0031,SG-0002
TR-0031,VNSB
TR-0031,WALT
TR-0031,LTFG
TR-0031,VNBJ
TR-0031,OKAS
TR-0031,VCCW
TR-0031,KZ-0018
TR-0031,KZ-0019
TR-0031,KZ-0114
TR-0031,LTBT
TR-0031,IQ-0005
TR-0031,UTDK
TR-0031,WSAC
TR-0031,ID-0085
TR-0031,VHHH
TR-0031,RK95
TR-0031,RK22
TR-0031,RK25
RKTI,NP-0015
RKTI,IQ-0055
RKTI,VNBJ
RKTI,TJ-0005
RKTI,KZ-0012
RKTI,VNSL
RKTI,WSAP
RKTI,TJ-UT44
RKTI,OAQN
RKTI,HK-0099
RKTI,SG-0003
RKTI,KZ-0019
RKTI,LTAK
RKTI,VCCC
RKTI,ORAT
RKTI,BJQ
RKTI,YPCC
RKTI,RK95
RKTI,OOII
RKTE,UTDD
RKTE,UT1A
RKTE,QJP
RKTE,OAMN
RKTE,OAFZ
RKTE,OM-0009
RKTE,IQ-0055
RKTE,KR-0017
RKTE,IQ-0035
RKTE,ID-0167
RKTE,OALP
RKTE,OKBK
RKTE,HEGR
RKTE,OOMS
RKTE,LTCE
RKTE,WSSS
RKTE,VNSB
RKTE,LTBC
IQ-0052,RK17
IQ-0052,IQ-0036
IQ-0052,SG-0004
IQ-0052,OM-0027
IQ-0052,VCCW
IQ-0052,KR-0017
IQ-0052,HE46
IQ-0052,LTAD
IQ-0052,KZ-0067
IQ-0052,ID-0139
IQ-0052,HK-0081
IQ-0052,VNTR
IQ-0052,TJ-0009
IQ-0052,AF-0015
ID-0176,KZ-0026
ID-0176,KZ-0051
ID-0176,LTCH
ID-0176,TJ-0004
ID-0176,IQ-0011
ID-0176,LK-0002
ID-0176,OM-0023
ID-0176,KDW
ID-0176,VNPK
ID-0176,WIDS
ID-0176,VNSL
ID-0176,AF-0015
ID-0176,KZ-0009
ID-0176,IQ-0019
ID-0176,YPCC
ID-0176,HK-0002
OAYW,HK-0002
OAYW,HK-0099
OAYW,VNTJ
OAYW,HK-0063
OAYW,OAGZ
OAYW,KZ-0030
OAYW,KEZ
OAYW,SG-0005
OAYW,OM-0010
OAYW,DWO
OAYW,SG-0002
OAYW,OAHR
OAYW,VNTR
OAYW,ORKK
OAYW,HETB
OAYW,OM-0036
IQ-0055,RKTI
IQ-0055,ID-0088
IQ-0055,TR-0080
IQ-0055,TR-0078
IQ-0055,VCCN
IQ-0055,RKTE
IQ-0055,UTDD
IQ-0055,OASA
IQ-0055,OM-0009
IQ-0055,SG-0004
IQ-0055,VNTH
IQ-0055,HK-0079
IQ-0055,VHHX
IQ-0055,HK-0099
IQ-0055,RK22
IQ-0055,SG-0003
VNNG,VNKL
VNNG,KDW
VNNG,UAII
VNNG,HK-0002
VNNG,BJQ
VNNG,OATQ
VNNG,KZ-0078
VNNG,OAFZ
VNNG,OO42
VNNG,OOSA
VNNG,UTDK
VNNG,HE46
VNNG,RK39
VNNG,HEAR
VNNG,WSAC
VNNG,VCCB
VNNG,TJ-UT45
KZ-0018,OAFZ
KZ-0018,VNTJ
KZ-0018,KW-0016
KZ-0018,VCCB
KZ-0018,LTBC
KZ-0018,SG-0004
KZ-0018,OM-0020
KZ-0018,WSAT
KZ-0018,TJ-UT46
KZ-0018,OAHR
KZ-0018,ID-0077
KZ-0018,TJ-0008
KZ-0018,UASS
KZ-0018,IQ-0035
KZ-0018,TR-0031
KZ-0018,UTDT
KZ-0018,OOII
KZ-0018,WSSS
KZ-0018,VNSL
KZ-0018,VNPK
KZ-0018,RKRN
KZ-0018,KZ-0026
KZ-0018,OASD
KZ-0018,OAMN
KZ-0018,UAUU
KZ-0018,HK-0081
KZ-0019,OM-0023
KZ-0019,WALT
KZ-0019,VCCW
KZ-0019,VNBJ
KZ-0019,KDZ
KZ-0019,WAPC
KZ-0019,OOIZ
KZ-0019,IQ-0047
KZ-0019,OALP
KZ-0019,VNTH
KZ-0019,OOII
KZ-0019,TR-0031
KZ-0019,AF-0001
KZ-0019,RKTI
KZ-0019,BJQ
KZ-0019,LTAD
KZ-0019,OOMS
KZ-0019,KZ-0030
OAGZ,SG-0004
OAGZ,RKPU
OAGZ,KEZ
OAGZ,LTCE
OAGZ,OAYW
OAGZ,KZ-0030
OAGZ,VNDG
OAGZ,RKRN
OAGZ,AF04
OAGZ,WABC
OAGZ,VNDR
OAGZ,IQ-0037
OAGZ,WSAP
OAGZ,ID-0266
OAGZ,KZ-0106
OAGZ,VCCB
KZ-0030,OOMS
KZ-0030,WABC
KZ-0030,OM-0010
KZ-0030,VHHH
KZ-0030,OAGZ
KZ-0030,OAYW
KZ-0030,UAIT
KZ-0030,OOII
KZ-0030,AF-0015
KZ-0030,ID-0139
KZ-0030,HE46
KZ-0030,VCCC
KZ-0030,VNMG
KZ-0030,LTAS
KZ-0030,KZ-0026
KZ-0030,LK-0004
KZ-0030,IQ-0013
KZ-0030,VHSK
KZ-0030,AF04
KZ-0030,ID-0085
KZ-0030,WIOS
KZ-0030,TR-0016
KZ-0030,KZ-0019
KZ-0030,ID-0088
KZ-0031,KR-0611
KZ-0031,VNSB
KZ-0031,UAUU
KZ-0031,AFK
KZ-0031,ID-0266
KZ-0031,OOJA
KZ-0031,LK-0006
KZ-0031,OANL
KZ-0031,KZ-0067
KZ-0031,ORTL
KZ-0031,IQ-0035
KZ-0031,TJ-UT44
KZ-0031,KZ-0114
KZ-0031,OKDI
KZ-0031,LTAD
KZ-0031,OOMS
KZ-0031,VNPK
KZ-0031,YPCC
KZ-0031,IQ-0049
KZ-0031,KZ-0026
KZ-0031,LTCH
KZ-0031,OM-0004
KZ-0031,OAQN
KZ-0031,TJ-0003
LTFH,KDW
LTFH,WIDS
LTFH,HK-0001
LTFH,TR-0080
LTFH,AF-0005
LTFH,OAQN
LTFH,OALP
LTFH,WASB
LTFH,TR-0018
LTFH,RK82
LTFH,TJ-0007
LTFH,HEGR
LTFH,LTAJ
LTFG,IQ-0023
LTFG,OM-0006
LTFG,TR-0031
LTFG,LTAJ
LTFG,AF13
LTFG,UAIT
LTFG,RK36
LTFG,LTAD
LTFG,VNCG
LTFG,UTDL
LTFG,KZ-0083
LTFG,KDW
LTFG,AFK
LTFG,LTBC
LTFG,WSSS
LTFG,TR-0078
LTFG,RK95
LTFG,HK-0002
LTFG,ID-0083
LTFG,RK39
ID-0062,HK-0099
ID-0062,WSSS
ID-0062,TJ-UT45
ID-0062,DBU
ID-0062,WSAP
ID-0062,KR-0057
ID-0062,ID-0266
ID-0062,OOIZ
ID-0062,TR-0080
ID-0062,KDW
ID-0062,DWO
ID-0062,VNSB
ID-0062,WASB
ID-0062,AF-0006
VNMN,TJ-UT46
VNMN,VNGK
VNMN,TJ-UT45
VNMN,WIOS
VNMN,KZ-0009
VNMN,VNMG
VNMN,KR-0017
VNMN,TJ-0005
VNMN,VNRC
VNMN,LTAK
VNMN,IQ-0029
VNMN,KZ-0070
VNMN,IQ-0023
VNMN,EG-0004
OOTH,TJ-0003
OOTH,SG-0003
OOTH,KDW
OOTH,ID-0077
OOTH,AF-0006
OOTH,LTAK
OOTH,HK-0001
OOTH,AF07
OOTH,LTBT
OOTH,WI1G
OOTH,IQ-0023
OOTH,IQ-0035
OOTH,VNSL
OOTH,EG-0004
NP-0015,RKRN
NP-0015,RKTI
NP-0015,UTDL
NP-0015,HK-0008
NP-0015,VHHH
NP-0015,TJ-UT46
NP-0015,AF04
NP-0015,OM-0020
NP-0015,IQ-0019
NP-0015,TJ-0008
NP-0015,OOSH
NP-0015,TJ-0001
OAHR,TR-0078
OAHR,KR-0064
OAHR,HEAR
OAHR,VNTR
OAHR,KZ-0018
OAHR,VCCC
OAHR,OAFR
OAHR,OM-0007
OAHR,OM-0027
OAHR,OAYW
OAHR,VNTH
OAHR,KZ-0026
OAHR,VNGK
OAHR,TJ-0009
OAHR,ORTL
OAHR,KZ-0068
IQ-0047,VNMG
IQ-0047,OM-0009
IQ-0047,WSAT
IQ-0047,OM-0023
IQ-0047,AF-0006
IQ-0047,KZ-0106
IQ-0047,KZ-0019
IQ-0047,OOSA
IQ-0047,KZ-0068
IQ-0047,TR-0078
IQ-0047,IQ-0037
IQ-0047,OKBK
IQ-0047,ORAT
IQ-0047,SG-0002
IQ-0047,OM-0006
IQ-0047,VNTR
RK39,QJP
RK39,IQ-0011
RK39,WSAG
RK39,VNRC
RK39,VNTJ
RK39,TJ-0007
RK39,WABC
RK39,HK-0099
RK39,LK-0003
RK39,OALP
RK39,WSAP
RK39,IQ-0036
RK39,VNNG
RK39,KZ-0106
RK39,TJ-0003
RK39,YPCC
RK39,VHHH
RK39,UT1C
RK39,LTFG
IQ-0049,LTAD
IQ-0049,LTBL
IQ-0049,LTCE
IQ-0049,OAMN
IQ-0049,IQ-0037
IQ-0049,AF-0005
IQ-0049,RKPE
IQ-0049,UATR
IQ-0049,LTBR
IQ-0049,TJ-0007
IQ-0049,TR-0078
IQ-0049,ID-0266
IQ-0049,KZ-0031
IQ-0049,UT1A
IQ-0049,WALT
IQ-0049,UT1C
IQ-0049,VCCB
IQ-0049,IQ-0005
IQ-0049,VNKL
IQ-0049,VNPK
IQ-0049,TR-0022
RK36,VNCG
RK36,TJ-UT46
RK36,ID-0167
RK36,HEGR
RK36,VNTP
RK36,LTFG
RK36,OM-0027
RK36,HK-0099
RK36,KZ-0067
RK36,AF07
RK36,VNGK
RK36,OM-0020
RK36,ID-0085
KZ-0026,HETB
KZ-0026,ID-0176
KZ-0026,TJ-0006
KZ-0026,WSAG
KZ-0026,OOJA
KZ-0026,VNTH
KZ-0026,ORNI
KZ-0026,WI1G
KZ-0026,TR-0215
KZ-0026,LTAR
KZ-0026,UT1C
KZ-0026,LTAS
KZ-0026,ID-0077
KZ-0026,OO42
KZ-0026,KZ-0030
KZ-0026,WAFM
KZ-0026,VCCS
KZ-0026,KZ-0031
KZ-0026,IQ-0011
KZ-0026,OAHR
KZ-0026,LTAD
KZ-0026,KDW
KZ-0026,KEZ
KZ-0026,OOSH
KZ-0026,VNDR
KZ-0026,KZ-0018
VNMG,OOJA
VNMG,IQ-0047
VNMG,AF04
VNMG,KR-0057
VNMG,UAII
VNMG,TJ-0001
VNMG,VNGK
VNMG,RK95
VNMG,LK-0004
VNMG,VNMN
VNMG,KZ-0114
VNMG,UAUU
VNMG,KZ-0030
VNMG,IQ-0019
VNMG,UAIT
VNMG,HK-0081
VNMG,WALT
VNMG,TJ-0007
VNMG,OM-0007
VNMG,OAFR
OO42,VNTH
OO42,OANL
OO42,IQ-0036
OO42,KZ-0012
OO42,VHSK
OO42,LTCE
OO42,TJ-0006
OO42,TJ-UT45
OO42,KZ-0026
OO42,VNNG
OO42,LK-0002
OO42,IQ-0011
OO42,WAFM
HEGR,KZ-0114
HEGR,RKUL
HEGR,UT1C
HEGR,Z19M
HEGR,OM-0010
HEGR,VNSL
HEGR,KZ-0070
HEGR,TJ-0003
HEGR,KR-0621
HEGR,ID-0085
HEGR,RK36
HEGR,VNBJ
HEGR,IQ-0037
HEGR,RKTE
HEGR,HK-0081
HEGR,HK-0001
HEGR,IQ-0006
HEGR,LTFH
HEGR,RK17
HEGR,HK-0002
HEGR,UASS
UAII,VCCS
UAII,WAWW
UAII,VNNG
UAII,VNCG
UAII,IQ-0013
UAII,OM-0020
UAII,VNMG
UAII,VNSB
UAII,IQ-0036
UAII,WIOS
UAII,WIDS
UAII,VCCJ
UAII,TJ-0001
UAII,AF-0006
UAII,RKPC
UAII,KZ-0012
UAII,OALP
UAII,KZ-0009
UAII,OM-0006
UAII,LTAD
UAII,TJ-UT45
UAII,UAIT
UAIT,LK-0002
UAIT,IQ-0029
UAIT,LTAS
UAIT,KZ-0030
UAIT,LTFG
UAIT,ID-0011
UAIT,WSSL
UAIT,VNMG
UAIT,OAA
UAIT,RK82
UAIT,IQ-0006
UAIT,VHSK
UAIT,Z19M
UAIT,VNTH
UAIT,UAII
KR-0064,OAHR
KR-0064,ID-0266
KR-0064,KZ-0106
KR-0064,TJ-UT46
KR-0064,IQ-0019
KR-0064,OM-0007
KR-0064,OOMS
KR-0064,KW-0016
KR-0064,KR-0017
KR-0064,LTAJ
KR-0064,RKPU
KR-0064,OAFZ
KR-0064,KZ-0012
KR-0064,TJ-0003
TJ-0003,UASS
TJ-0003,OOTH
TJ-0003,OOIZ
TJ-0003,RKPU
TJ-0003,WASB
TJ-0003,YPCC
TJ-0003,HEGR
TJ-0003,KR-0611
TJ-0003,SG-0002
TJ-0003,LTBT
TJ-0003,ID-0266
TJ-0003,AFK
TJ-0003,SG-0003
TJ-0003,DBK
TJ-0003,RK39
TJ-0003,HK-0063
TJ-0003,IQ-0011
TJ-0003,KZ-0031
TJ-0003,KR-0064
TJ-0003,OOSH
TJ-0004,IQ-0029
TJ-0004,KR-0057
TJ-0004,IQ-0011
TJ-0004,SG-0002
TJ-0004,ID-0176
TJ-0004,SG-0003
TJ-0004,WSAG
TJ-0004,LK-0003
TJ-0004,OOJA
TJ-0004,WI1G
TJ-0004,HK-0001
TJ-0004,KZ-0083
TJ-0004,IQ-0023
TJ-0004,OM-0027
KR-0621,IQ-0036
KR-0621,LK-0004
KR-0621,UTDL
KR-0621,AF-0015
KR-0621,HEGR
KR-0621,LTAK
KR-0621,VNGK
KR-0621,VNTP
KR-0621,TJ-0008
KR-0621,RK17
KR-0621,OOMS
KR-0621,OAMN
KR-0621,VHSK
KR-0621,TJ-0006
KR-0621,OM-0020
KR-0621,RKPU
KR-0621,IQ-0019
KR-0621,OM-0027
TJ-0001,RK25
TJ-0001,VNBJ
TJ-0001,OALP
TJ-0001,ID-0085
TJ-0001,ORTL
TJ-0001,VNMG
TJ-0001,DWO
TJ-0001,OAA
TJ-0001,TJ-0005
TJ-0001,ID-0011
TJ-0001,OM-0010
TJ-0001,OAMN
TJ-0001,KZ-0068
TJ-0001,UAII
TJ-0001,UTDD
TJ-0001,OAFR
TJ-0001,DBK
TJ-0001,VCCN
TJ-0001,UT1A
TJ-0001,NP-0015
HBT,WSSL
HBT,WSAT
HBT,TR-0016
HBT,YPCC
HBT,RK17
HBT,ID-0083
HBT,LTAR
HBT,OOSH
HBT,OASA
HBT,TR-0078
VNPK,LK-0003
VNPK,IQ-0037
VNPK,KZ-0106
VNPK,HETB
VNPK,NP-MWP
VNPK,ORAT
VNPK,LK-0004
VNPK,SG-0003
VNPK,AF13
VNPK,IQ-0006
VNPK,ID-0176
VNPK,IQ-0029
VNPK,KZ-0031
VNPK,VNCG
VNPK,KZ-0018
VNPK,TR-0078
VNPK,ORKK
VNPK,AFK
VNPK,VNTP
VNPK,IQ-0049
VNPK,UT1A
VNPK,UAUU
TJ-0002,VNRC
TJ-0002,VCCJ
TJ-0002,OM-0036
TJ-0002,OAMN
TJ-0002,ID-0085
TJ-0002,IQ-0019
TJ-0002,IQ-0023
TJ-0002,OANL
TJ-0002,ORAT
TJ-0002,UAUU
TJ-0002,NP-MWP
TJ-0002,AF04
TJ-0002,HK-0008
TJ-0002,LTBR
TJ-0007,IQ-0010
TJ-0007,ORKK
TJ-0007,TJ-0008
TJ-0007,VNBP
TJ-0007,RK39
TJ-0007,UTDK
TJ-0007,RK17
TJ-0007,ID-0266
TJ-0007,IQ-0006
TJ-0007,HK-0002
TJ-0007,RK95
TJ-0007,VNSB
TJ-0007,IQ-0049
TJ-0007,OOII
TJ-0007,VNMG
TJ-0007,HK-0081
TJ-0007,WABC
TJ-0007,VNKL
TJ-0007,LTFH
TJ-0008,WALT
TJ-0008,RK17
TJ-0008,VCCJ
TJ-0008,RKRN
TJ-0008,TJ-0007
TJ-0008,OOKB
TJ-0008,AF-0001
TJ-0008,KZ-0018
TJ-0008,KR-0621
TJ-0008,TR-0018
TJ-0008,KR-0017
TJ-0008,KZ-0012
TJ-0008,LK-0002
TJ-0008,EG-0004
TJ-0008,OOSH
TJ-0008,NP-0015
TJ-0008,WAFM
TJ-0008,OASD
TJ-0008,YPCC
TJ-0008,HK-0063
TJ-0005,HEAR
TJ-0005,DWO
TJ-0005,KZ-0070
TJ-0005,HK-0079
TJ-0005,IQ-0013
TJ-0005,RKTI
TJ-0005,TJ-0001
TJ-0005,KR-0611
TJ-0005,LK-0004
TJ-0005,IQ-0010
TJ-0005,IQ-0005
TJ-0005,KZ-0083
TJ-0005,VNMN
TJ-0005,HE46
TJ-0005,LK-0006
TJ-0005,UTDL
TJ-0005,OM-0009
TJ-0005,VNDR
TJ-0006,OKAS
TJ-0006,LK-0002
TJ-0006,KZ-0026
TJ-0006,ID-0088
TJ-0006,LTBT
TJ-0006,OO42
TJ-0006,IQ-0037
TJ-0006,VNGK
TJ-0006,OOJA
TJ-0006,UASS
TJ-0006,VNTJ
TJ-0006,LTAK
TJ-0006,IQ-0023
TJ-0006,OM-0027
TJ-0006,KR-0621
TJ-0006,AF13
TJ-0006,KEZ
TJ-0006,IQ-0029
TJ-0006,VHHX
WI1G,UAUU
WI1G,LTAJ
WI1G,IQ-0019
WI1G,KZ-0026
WI1G,OM-0010
WI1G,WAWW
WI1G,HK-0002
WI1G,OOJA
WI1G,KZ-0068
WI1G,TJ-0004
WI1G,KEZ
WI1G,ORKK
WI1G,EG-0004
WI1G,OOTH
WI1G,SG-0004
WI1G,LTBC
WI1G,HK-0008
WI1G,KZ-0070
VHSK,KW-0016
VHSK,HK-0008
VHSK,AF07
VHSK,TR-0215
VHSK,WASB
VHSK,OOII
VHSK,OO42
VHSK,VNKL
VHSK,VNRC
VHSK,LTCH
VHSK,HEAR
VHSK,KR-0017
VHSK,IQ-0011
VHSK,OKAJ
VHSK,KZ-0030
VHSK,KR-0621
VHSK,UAIT
VHSK,TR-0016
VHSK,ID-0085
VHSK,VNBP
Z19M,UATR
Z19M,WASB
Z19M,UT1B
Z19M,LK-0003
Z19M,HEGR
Z19M,VNTP
Z19M,OOIZ
Z19M,VNBP
Z19M,OM-0020
Z19M,VHHX
Z19M,ID-0167
Z19M,LTAS
Z19M,TR-0018
Z19M,AF-0006
Z19M,UAIT
Z19M,OAQN
WABC,KZ-0030
WABC,ID-0167
WABC,VNCG
WABC,HK-0002
WABC,OM-0010
WABC,RK17
WABC,OAGZ
WABC,RK39
WABC,HK-0008
WABC,IQ-0037
WABC,OANL
WABC,WSSL
WABC,VNGK
WABC,OASD
WABC,TJ-0007
WABC,OM-0009
ORKK,TJ-0007
ORKK,UTDK
ORKK,UT1A
ORKK,VNDR
ORKK,LTBL
ORKK,IQ-0029
ORKK,KW-0016
ORKK,WAWW
ORKK,LTAJ
ORKK,WI1G
ORKK,OAYW
ORKK,VNSB
ORKK,HEAR
ORKK,IQ-0035
ORKK,ORTL
ORKK,VNPK
ORKK,OALP
ORKK,VCCA
OAA,ORNI
OAA,KZ-0067
OAA,YPCC
OAA,WALT
OAA,IQ-0037
OAA,TJ-0001
OAA,WSSS
OAA,OOFD
OAA,TR-0022
OAA,HK-0001
OAA,LTAR
OAA,LK-0004
OAA,UAIT
OAA,LTBC
OAA,OM-0027
OAA,HETB
WASB,Z19M
WASB,VNSL
WASB,VHSK
WASB,TJ-0003
WASB,RK82
WASB,KR-0017
WASB,RKPC
WASB,ID-0083
WASB,KW-0016
WASB,OOIZ
WASB,UATR
WASB,LTFH
WASB,VNTH
WASB,ID-0062
AF-0015,KR-0057
AF-0015,OOII
AF-0015,EG-0004
AF-0015,WSAG
AF-0015,KR-0621
AF-0015,OALP
AF-0015,KZ-0030
AF-0015,HK-0081
AF-0015,ID-0085
AF-0015,VNBP
AF-0015,ID-0176
AF-0015,LTAJ
AF-0015,KZ-0106
AF-0015,TR-0080
AF-0015,IQ-0052
RKUL,HEGR
RKUL,WIOS
RKUL,KR-0057
RKUL,VCCA
RKUL,IQ-0023
RKUL,IQ-0010
RKUL,VNDG
RKUL,KZ-0009
RKUL,UTDD
RKUL,WSAG
RKUL,HK-0001
RKUL,KZ-0012
RKUL,AF13
RKUL,LTBR
RKUL,LTAD
RKUL,OALP
KR-0057,TJ-0004
KR-0057,AF-0015
KR-0057,RKUL
KR-0057,VNMG
KR-0057,HK-0079
KR-0057,AF-0001
KR-0057,ID-0062
KR-0057,KR-0611
KR-0057,OOIZ
KR-0057,SG-0003
KR-0057,WSAC
KR-0057,HEAR
KR-0057,HK-0081
KR-0057,KZ-0070
KR-0057,ID-0085
KR-0057,OAQN
KR-0057,IQ-0035
KR-0057,RKPE
KR-0057,AF-0005
KR-0057,VCCC
KR-0057,WSSL
KR-0057,RKRN
OOFD,WAPC
OOFD,WSAP
OOFD,IQ-0029
OOFD,KZ-0068
OOFD,WAFM
OOFD,ID-0083
OOFD,OAQN
OOFD,OAA
OOFD,TJ-UT44
OOFD,LTAK
OOFD,VCCW
OOFD,TR-0078
OOFD,AFK
OOFD,QJP
KR-0611,LTBC
KR-0611,KZ-0031
KR-0611,DBU
KR-0611,WSAT
KR-0611,IQ-0005
KR-0611,TJ-0003
KR-0611,KR-0057
KR-0611,ORAT
KR-0611,HETB
KR-0611,TJ-0005
KR-0611,KEZ
KR-0611,VCCN
KR-0611,IQ-0001
KR-0611,VHHX
KR-0611,TJ-UT44
KR-0611,HEAR
KR-0611,RK82
KR-0611,VNSL
KR-0611,OASA
KR-0611,WSSS
KR-0611,HK-0063
VNRC,KZ-0067
VNRC,TJ-0002
VNRC,RK39
VNRC,VHSK
VNRC,VCCJ
VNRC,TR-0018
VNRC,VNMN
VNRC,ID-0011
VNRC,KDZ
VNRC,WIIK
VNRC,IQ-0001
VNRC,VHHX
VNRC,DBK
AFK,WAFM
AFK,OM-0007
AFK,HK-0002
AFK,KZ-0031
AFK,SG-0003
AFK,UAUU
AFK,WSAG
AFK,OAQN
AFK,TJ-0003
AFK,LTFG
AFK,OANL
AFK,HK-0063
AFK,IQ-0035
AFK,ID-0077
AFK,OOFD
AFK,VNPK
AFK,IQ-0010
WIDS,LTFH
WIDS,QJP
WIDS,IQ-0036
WIDS,VCCA
WIDS,VNGK
WIDS,UAII
WIDS,ID-0176
WIDS,KZ-0114
WIDS,HETB
WIDS,DBK
WIDS,IQ-0001
NP-MWP,KZ-0012
NP-MWP,KZ-0114
NP-MWP,KEZ
NP-MWP,VNPK
NP-MWP,AF13
NP-MWP,RKPU
NP-MWP,OOSH
NP-MWP,RK17
NP-MWP,AF-0006
NP-MWP,TJ-0002
NP-MWP,SG-0003
NP-MWP,HK-0002
NP-MWP,VNBP
HK-0081,ID-0139
HK-0081,OKAS
HK-0081,VHHH
HK-0081,ORAT
HK-0081,OASA
HK-0081,TR-0016
HK-0081,AF-0015
HK-0081,VCCA
HK-0081,AF07
HK-0081,VNMG
HK-0081,OATQ
HK-0081,UTDT
HK-0081,KR-0057
HK-0081,TJ-0007
HK-0081,ID-0266
HK-0081,HEGR
HK-0081,IQ-0052
HK-0081,KZ-0018
HK-0081,OM-0010
AF-0001,KZ-0078
AF-0001,OALP
AF-0001,TJ-0008
AF-0001,KR-0057
AF-0001,VCCC
AF-0001,OOKB
AF-0001,OM-0036
AF-0001,TR-0080
AF-0001,OKBK
AF-0001,HETB
AF-0001,UTDK
AF-0001,OM-0006
AF-0001,KZ-0019
AF-0001,UASS
AF-0001,OAFZ
AF-0005,TR-0022
AF-0005,TR-0080
AF-0005,VCCJ
AF-0005,IQ-0049
AF-0005,LTFH
AF-0005,KZ-0114
AF-0005,OM-0027
AF-0005,RKPE
AF-0005,RK82
AF-0005,KZ-0083
AF-0005,KZ-0070
AF-0005,OM-0010
AF-0005,UT1C
AF-0005,TR-0078
AF-0005,KR-0057
RK82,KEZ
RK82,SG-0003
RK82,WASB
RK82,ID-0266
RK82,VNDG
RK82,AF-0005
RK82,YPCC
RK82,UAIT
RK82,OKAJ
RK82,VHHH
RK82,ID-0088
RK82,KR-0611
RK82,KZ-0068
RK82,ORNI
RK82,ID-0083
RK82,LTFH
RK82,VNTJ
AF-0006,LTBT
AF-0006,KZ-0083
AF-0006,IQ-0036
AF-0006,KZ-0114
AF-0006,WSAC
AF-0006,IQ-0047
AF-0006,UATR
AF-0006,OM-0007
AF-0006,OOTH
AF-0006,LK-0004
AF-0006,LTBR
AF-0006,HEAR
AF-0006,SG-0005
AF-0006,IQ-0029
AF-0006,WSSL
AF-0006,WAFM
AF-0006,UAII
AF-0006,NP-MWP
AF-0006,TR-0080
AF-0006,Z19M
AF-0006,UTDT
AF-0006,ID-0062
OAMN,OM-0036
OAMN,OM-0020
OAMN,OOSA
OAMN,IQ-0049
OAMN,TR-0022
OAMN,VHHX
OAMN,RKTE
OAMN,TJ-0002
OAMN,OOII
OAMN,TJ-UT44
OAMN,TJ-0001
OAMN,OKDI
OAMN,KR-0621
OAMN,KZ-0018
OAMN,VNSB
OAMN,OAFZ
TR-0078,TR-0018
TR-0078,OAHR
TR-0078,WSAT
TR-0078,IQ-0055
TR-0078,ORTL
TR-0078,ID-0088
TR-0078,ID-0167
TR-0078,IQ-0006
TR-0078,IQ-0049
TR-0078,IQ-0047
TR-0078,LTFG
TR-0078,OOFD
TR-0078,ID-0139
TR-0078,VNPK
TR-0078,AF-0005
TR-0078,QJP
TR-0078,HBT
TR-0078,LTAJ
HK-0099,OAYW
HK-0099,ID-0062
HK-0099,RK95
HK-0099,RK22
HK-0099,RK39
HK-0099,RK36
HK-0099,IQ-0055
HK-0099,RKTI
HK-0099,OOKB
HK-0099,OKAJ
TR-0080,AF-0005
TR-0080,TR-0016
TR-0080,BJQ
TR-0080,IQ-0055
TR-0080,IQ-0036
TR-0080,DGM
TR-0080,AF-0001
TR-0080,LTFH
TR-0080,LTCE
TR-0080,OANL
TR-0080,OM-0009
TR-0080,ID-0062
TR-0080,IQ-0023
TR-0080,AF13
TR-0080,IQ-0011
TR-0080,ID-0085
TR-0080,AF-0006
TR-0080,OASD
TR-0080,AF-0015
OALP,AF-0001
OALP,VCCA
OALP,TJ-0001
OALP,KZ-0114
OALP,AF-0015
OALP,WSSL
OALP,KZ-0019
OALP,LTFH
OALP,VCCC
OALP,RK39
OALP,RKTE
OALP,HK-0063
OALP,VNKL
OALP,VNDR
OALP,HE46
OALP,UAII
OALP,ORKK
OALP,DBU
OALP,KR-0017
OALP,RKUL
AF07,ID-0085
AF07,UTDD
AF07,VHSK
AF07,OM-0007
AF07,OOKB
AF07,OOTH
AF07,HK-0081
AF07,OOMS
AF07,WSAC
AF07,IQ-0019
AF07,RK36
AF07,IQ-0001
AF04,RK22
AF04,HK-0079
AF04,VNMG
AF04,HK-0008
AF04,OAGZ
AF04,UT1B
AF04,WSSL
AF04,NP-0015
AF04,OOSA
AF04,KZ-0030
AF04,SG-0005
AF04,VNSL
AF04,TJ-0002
ORNI,LK-0006
ORNI,OAA
ORNI,KZ-0026
ORNI,WSAT
ORNI,KDZ
ORNI,IQ-0029
ORNI,VCCW
ORNI,RK25
ORNI,SG-0005
ORNI,RK82
KZ-0106,UTDT
KZ-0106,HK-0002
KZ-0106,VNPK
KZ-0106,KR-0064
KZ-0106,KZ-0083
KZ-0106,KR-0017
KZ-0106,IQ-0047
KZ-0106,UTDL
KZ-0106,KZ-0012
KZ-0106,LK-0002
KZ-0106,KZ-0068
KZ-0106,LTBC
KZ-0106,AF-0015
KZ-0106,RK39
KZ-0106,OAGZ
KZ-0106,VNTP
OKBK,VCCN
OKBK,IQ-0001
OKBK,VNSB
OKBK,UTDL
OKBK,AF-0001
OKBK,IQ-0029
OKBK,RK22
OKBK,ORAT
OKBK,OM-0007
OKBK,RKPC
OKBK,VNBJ
OKBK,RKTE
OKBK,RKPU
OKBK,RK95
OKBK,HK-0001
OKBK,IQ-0047
OKBK,WSAC
KZ-0083,AF-0006
KZ-0083,UATR
KZ-0083,LK-0004
KZ-0083,KZ-0106
KZ-0083,UTDL
KZ-0083,WIIK
KZ-0083,LTBC
KZ-0083,AF-0005
KZ-0083,TJ-0005
KZ-0083,LTFG
KZ-0083,HK-0079
KZ-0083,TJ-0004
KZ-0083,WIOS
KZ-0083,VNDR
KZ-0083,ID-0011
WAWW,UAII
WAWW,ID-0077
WAWW,HK-0008
WAWW,WI1G
WAWW,ORKK
WAWW,UTDL
WAWW,KZ-0051
WAWW,OOKB
WAWW,HE46
WAWW,TJ-UT46
VNTH,KR-0017
VNTH,OO42
VNTH,KZ-0026
VNTH,WSSL
VNTH,LTAD
VNTH,OOSA
VNTH,UASS
VNTH,KZ-0019
VNTH,OAHR
VNTH,IQ-0055
VNTH,VNCG
VNTH,WASB
VNTH,HK-0002
VNTH,UAIT
VNTH,ID-0139
VNTH,TJ-UT46
VNTH,KZ-0012
VNTH,ID-0167
VNTH,ID-0088
VNTJ,KZ-0018
VNTJ,OM-0010
VNTJ,WSAG
VNTJ,UASS
VNTJ,OAYW
VNTJ,IQ-0036
VNTJ,RK39
VNTJ,ID-0139
VNTJ,HEAR
VNTJ,TJ-0006
VNTJ,LTCH
VNTJ,OOJA
VNTJ,VNKL
VNTJ,OM-0027
VNTJ,OOKB
VNTJ,VNTP
VNTJ,RK82
VNTJ,LTCE
BJQ,VNDG
BJQ,OOJA
BJQ,WSSS
BJQ,TR-0080
BJQ,OASA
BJQ,SG-0004
BJQ,OM-0036
BJQ,VNNG
BJQ,OATQ
BJQ,KZ-0019
BJQ,IQ-0037
BJQ,RKTI
OOKB,OM-0009
OOKB,OASD
OOKB,TJ-0008
OOKB,AF07
OOKB,AF-0001
OOKB,VNSL
OOKB,LTAD
OOKB,WAFM
OOKB,VNTJ
OOKB,IQ-0037
OOKB,UATR
OOKB,AF13
OOKB,WAWW
OOKB,HK-0099
OOKB,YPCC
VNDG,ID-0088
VNDG,BJQ
VNDG,RK25
VNDG,OAGZ
VNDG,RKUL
VNDG,YPCC
VNDG,WAPC
VNDG,VCCA
VNDG,LTAR
VNDG,RK82
VNDG,VNSB
VNDG,SG-0004
VNDG,OAQN
VNDG,OOMS
VNDG,LTAJ
AF13,TJ-UT45
AF13,WIIK
AF13,LTFG
AF13,RK17
AF13,DGM
AF13,NP-MWP
AF13,VNPK
AF13,IQ-0023
AF13,TR-0080
AF13,HK-0001
AF13,ID-0011
AF13,OOKB
AF13,OATQ
AF13,RKUL
AF13,TJ-0006
AF13,VNBJ
AF13,OM-0036
VHHH,OAFR
VHHH,WSAG
VHHH,VCCA
VHHH,KZ-0030
VHHH,HK-0081
VHHH,OOIZ
VHHH,UT1A
VHHH,KZ-0070
VHHH,LTAD
VHHH,WSAP
VHHH,UTDK
VHHH,NP-0015
VHHH,VCCN
VHHH,TR-0016
VHHH,OM-0009
VHHH,RK82
VHHH,IQ-0036
VHHH,VNSB
VHHH,TR-0031
VHHH,RK39
VHHH,OM-0027
VNTP,WSAC
VNTP,VCCN
VNTP,QJP
VNTP,DBU
VNTP,Z19M
VNTP,RK36
VNTP,KR-0621
VNTP,DGM
VNTP,OANL
VNTP,KDZ
VNTP,KZ-0068
VNTP,VNTJ
VNTP,LK-0003
VNTP,VNPK
VNTP,IQ-0011
VNTP,KZ-0106
VNTR,OOIZ
VNTR,HK-0001
VNTR,IQ-0023
VNTR,ID-0139
VNTR,OASA
VNTR,RKPC
VNTR,OM-0020
VNTR,KR-0017
VNTR,OOSA
VNTR,OAHR
VNTR,HK-0008
VNTR,IQ-0011
VNTR,OAYW
VNTR,EG-0004
VNTR,UTDL
VNTR,LTBR
VNTR,IQ-0052
VNTR,VCCN
VNTR,LTBC
VNTR,IQ-0047
OKAJ,OM-0006
OKAJ,ID-0011
OKAJ,OKDI
OKAJ,IQ-0019
OKAJ,VCCA
OKAJ,HK-0008
OKAJ,WSAC
OKAJ,SG-0005
OKAJ,VHSK
OKAJ,LTBC
OKAJ,RK82
OKAJ,DBK
OKAJ,HK-0099
OOII,AF-0015
OOII,VCCW
OOII,RKRN
OOII,VHSK
OOII,KZ-0068
OOII,HK-0001
OOII,LTAR
OOII,TJ-0009
OOII,ORAT
OOII,KW-0016
OOII,KZ-0030
OOII,OAMN
OOII,TR-0016
OOII,KZ-0019
OOII,RK22
OOII,WAFM
OOII,KZ-0018
OOII,TJ-0007
OOII,DGM
OOII,HK-0002
OOII,LK-0004
OOII,HK-0079
OOII,RKTI
VNBJ,TJ-0001
VNBJ,KDZ
VNBJ,LTCE
VNBJ,KZ-0019
VNBJ,RKTI
VNBJ,ID-0167
VNBJ,TR-0031
VNBJ,OKDI
VNBJ,KZ-0068
VNBJ,IQ-0011
VNBJ,HEGR
VNBJ,OKBK
VNBJ,KZ-0051
VNBJ,AF13
VNBJ,ID-0011
VNBJ,OM-0020
UT1A,RKTE
UT1A,VCCC
UT1A,ORKK
UT1A,RK95
UT1A,WSAP
UT1A,LK-0003
UT1A,VCCW
UT1A,VHHH
UT1A,OANL
UT1A,OOMS
UT1A,IQ-0049
UT1A,ID-0266
UT1A,EG-0004
UT1A,VNPK
UT1A,TJ-0001
UT1A,RKPC
OKAS,HK-0081
OKAS,TJ-0006
OKAS,UASS
OKAS,WAPC
OKAS,KEZ
OKAS,UTDD
OKAS,UT1B
OKAS,TR-0031
OKAS,HK-0002
OKAS,OASD
OKAS,VCCW
OKAS,IQ-0013
OKAS,RK17
OKAS,WSAG
VNBP,EG-0004
VNBP,UASS
VNBP,VNDR
VNBP,HE46
VNBP,WAPC
VNBP,TJ-0007
VNBP,TJ-UT46
VNBP,LK-0002
VNBP,Z19M
VNBP,AF-0015
VNBP,HETB
VNBP,VHSK
VNBP,NP-MWP
VNSB,KZ-0031
VNSB,OASA
VNSB,TR-0031
VNSB,WIIK
VNSB,UAII
VNSB,OKBK
VNSB,OATQ
VNSB,UAUU
VNSB,VNDG
VNSB,TJ-0007
VNSB,ORKK
VNSB,ID-0062
VNSB,HK-0079
VNSB,RKTE
VNSB,VHHH
VNSB,OOSA
VNSB,OAMN
VNSB,LK-0006
VNSB,TR-0016
OOJA,BJQ
OOJA,VNMG
OOJA,KZ-0026
OOJA,KZ-0031
OOJA,SG-0004
OOJA,TJ-0006
OOJA,TJ-UT44
OOJA,WI1G
OOJA,TJ-0004
OOJA,QJP
OOJA,VNTJ
OOJA,ID-0266
RK95,IQ-0035
RK95,LTAR
RK95,HETB
RK95,HK-0099
RK95,UT1A
RK95,VNMG
RK95,ID-0088
RK95,SG-0003
RK95,TJ-0007
RK95,HEAR
RK95,LK-0006
RK95,TR-0215
RK95,OKBK
RK95,VCCJ
RK95,VCCA
RK95,LTFG
RK95,LK-0002
RK95,WSSL
RK95,TR-0031
RK95,RKTI
OANL,OO42
OANL,OM-0027
OANL,LTAK
OANL,KZ-0031
OANL,ID-0167
OANL,IQ-0029
OANL,RK25
OANL,TR-0080
OANL,WABC
OANL,HK-0079
OANL,VNTP
OANL,YPCC
OANL,TJ-0002
OANL,VNKL
OANL,UT1A
OANL,WIOS
OANL,AFK
OANL,WSAG
OANL,OAFZ
OANL,LTAD
OANL,IQ-0001
VNCG,UTDK
VNCG,RK36
VNCG,WABC
VNCG,IQ-0029
VNCG,UAII
VNCG,OOIZ
VNCG,LTFG
VNCG,VNKL
VNCG,QJP
VNCG,VNPK
VNCG,VNTH
VNCG,RKRN
OOIZ,IQ-0013
OOIZ,VNTR
OOIZ,TJ-0003
OOIZ,KDZ
OOIZ,VHHH
OOIZ,KZ-0019
OOIZ,KR-0057
OOIZ,VNCG
OOIZ,Z19M
OOIZ,HK-0002
OOIZ,LTAS
OOIZ,ID-0062
OOIZ,LK-0006
OOIZ,WASB
OOIZ,VNSL
OOIZ,ID-0085
OOIZ,HE46
OOIZ,QJP
OOIZ,SG-0002
OOIZ,OKDI
UT1C,IQ-0005
UT1C,SG-0005
UT1C,HEGR
UT1C,OAFZ
UT1C,UT1B
UT1C,VCCJ
UT1C,KZ-0026
UT1C,OM-0009
UT1C,KZ-0067
UT1C,LTAR
UT1C,RKPU
UT1C,IQ-0049
UT1C,AF-0005
UT1C,VCCA
UT1C,ID-0083
UT1C,UTDD
UT1C,RK39
UT1C,OKDI
UT1B,OM-0004
UT1B,KZ-0070
UT1B,Z19M
UT1B,RK25
UT1B,UT1C
UT1B,KZ-0067
UT1B,OKAS
UT1B,AF04
UT1B,ID-0085
UT1B,LTBL
UT1B,KDZ
UT1B,VNGK
UT1B,OKDI
WAFM,TJ-UT44
WAFM,AFK
WAFM,UAUU
WAFM,KW-0016
WAFM,OM-0036
WAFM,OOFD
WAFM,KZ-0009
WAFM,LTCE
WAFM,OOII
WAFM,KZ-0026
WAFM,OOKB
WAFM,WSAT
WAFM,AF-0006
WAFM,OO42
WAFM,TJ-0008
WAFM,KZ-0067
VNSL,WASB
VNSL,EG-0004
VNSL,RKPC
VNSL,HEGR
VNSL,WIOS
VNSL,IQ-0036
VNSL,IQ-0013
VNSL,OOKB
VNSL,RKTI
VNSL,TR-0018
VNSL,OOIZ
VNSL,KZ-0018
VNSL,ID-0176
VNSL,HK-0002
VNSL,HE46
VNSL,AF04
VNSL,KR-0611
VNSL,OOTH
VNSL,UTDT
KR-0017,LTBR
KR-0017,VNTH
KR-0017,OKDI
KR-0017,KZ-0106
KR-0017,WASB
KR-0017,VNTR
KR-0017,IQ-0037
KR-0017,IQ-0052
KR-0017,VNMN
KR-0017,QJP
KR-0017,RKTE
KR-0017,TJ-0008
KR-0017,VHSK
KR-0017,KR-0064
KR-0017,OALP
KR-0017,OM-0027
UTDL,VHHX
UTDL,IQ-0013
UTDL,KR-0621
UTDL,KZ-0083
UTDL,NP-0015
UTDL,OKBK
UTDL,OOSA
UTDL,DBU
UTDL,KZ-0106
UTDL,LTFG
UTDL,WAWW
UTDL,VNTR
UTDL,LK-0004
UTDL,KZ-0067
UTDL,OKDI
UTDL,RKPC
UTDL,TJ-0005
UTDK,ORKK
UTDK,VNCG
UTDK,SG-0003
UTDK,VHHH
UTDK,TJ-0007
UTDK,AF-0001
UTDK,OM-0006
UTDK,VNNG
UTDK,TR-0031
UTDK,ID-0085
UTDK,HK-0001
OKDI,TJ-0009
OKDI,ID-0083
OKDI,KR-0017
OKDI,OKAJ
OKDI,KZ-0114
OKDI,VNBJ
OKDI,KZ-0031
OKDI,OM-0006
OKDI,OAMN
OKDI,RKPE
OKDI,UTDL
OKDI,OM-0009
OKDI,UT1B
OKDI,OOIZ
OKDI,UT1C
UTDT,LTCH
UTDT,KZ-0106
UTDT,HK-0002
UTDT,KZ-0018
UTDT,RKPE
UTDT,HK-0081
UTDT,AF-0006
UTDT,VNSL
UTDT,RK25
UTDT,VHHX
OAQN,KZ-0070
OAQN,KZ-0012
OAQN,RKRN
OAQN,KZ-0068
OAQN,OOFD
OAQN,LTFH
OAQN,VNDG
OAQN,IQ-0029
OAQN,WIIK
OAQN,AFK
OAQN,LTBR
OAQN,ID-0266
OAQN,RKTI
OAQN,KR-0057
OAQN,OM-0023
OAQN,KZ-0031
OAQN,LTAS
OAQN,Z19M
OAQN,VHHX
QJP,WIDS
QJP,RK39
QJP,RKTE
QJP,VNTP
QJP,OM-0027
QJP,KR-0017
QJP,OOJA
QJP,VNCG
QJP,WALT
QJP,OOIZ
QJP,OOFD
QJP,OM-0036
QJP,TR-0078
QJP,LTAR
WIIK,AF13
WIIK,OM-0023
WIIK,VNSB
WIIK,ID-0167
WIIK,KZ-0083
WIIK,IQ-0001
WIIK,OAQN
WIIK,OM-0006
WIIK,LTBT
WIIK,RKRN
WIIK,VNRC
WIIK,LK-0002
TJ-0009,LTAR
TJ-0009,OKDI
TJ-0009,OOII
TJ-0009,VCCA
TJ-0009,KZ-0067
TJ-0009,IQ-0019
TJ-0009,KDW
TJ-0009,WSSS
TJ-0009,OAHR
TJ-0009,IQ-0052
VHHX,OOSA
VHHX,UTDL
VHHX,OAMN
VHHX,OM-0020
VHHX,TR-0018
VHHX,KR-0611
VHHX,ID-0266
VHHX,IQ-0055
VHHX,ORAT
VHHX,KZ-0012
VHHX,Z19M
VHHX,HK-0063
VHHX,UAUU
VHHX,VNRC
VHHX,DBK
VHHX,TJ-0006
VHHX,KDW
VHHX,OAQN
VHHX,UTDT
VHHX,IQ-0019
VNDR,IQ-0006
VNDR,LTAD
VNDR,VNBP
VNDR,ORKK
VNDR,ID-0077
VNDR,OAGZ
VNDR,OASD
VNDR,OALP
VNDR,HK-0008
VNDR,KZ-0026
VNDR,TJ-0005
VNDR,KZ-0083
LK-0006,SG-0002
LK-0006,ORNI
LK-0006,OM-0009
LK-0006,KZ-0031
LK-0006,RKPU
LK-0006,OOIZ
LK-0006,RK95
LK-0006,ID-0266
LK-0006,TJ-0005
LK-0006,LK-0002
LK-0006,VNSB
LK-0006,KDW
ORAT,LTAK
ORAT,WSAC
ORAT,LTCE
ORAT,WAPC
ORAT,HK-0081
ORAT,VNPK
ORAT,OOII
ORAT,KR-0611
ORAT,TR-0022
ORAT,TJ-UT45
ORAT,WALT
ORAT,OKBK
ORAT,TJ-0002
ORAT,VHHX
ORAT,DWO
ORAT,IQ-0047
ORAT,RKTI
ORAT,ID-0077
LK-0003,DGM
LK-0003,VNPK
LK-0003,WALT
LK-0003,Z19M
LK-0003,OM-0010
LK-0003,UT1A
LK-0003,OM-0020
LK-0003,HK-0002
LK-0003,DBK
LK-0003,HK-0001
LK-0003,RK39
LK-0003,TJ-0004
LK-0003,TR-0022
LK-0003,RK17
LK-0003,LTCH
LK-0003,VNTP
LK-0003,ID-0088
LK-0002,TJ-0006
LK-0002,UAIT
LK-0002,ID-0088
LK-0002,LTAK
LK-0002,OM-0007
LK-0002,VNBP
LK-0002,KZ-0106
LK-0002,ID-0176
LK-0002,OM-0009
LK-0002,TJ-0008
LK-0002,DWO
LK-0002,RK95
LK-0002,LK-0006
LK-0002,OO42
LK-0002,KDW
LK-0002,SG-0003
LK-0002,WIIK
LK-0004,KR-0621
LK-0004,LTCH
LK-0004,KZ-0083
LK-0004,VNPK
LK-0004,AF-0006
LK-0004,VNMG
LK-0004,SG-0004
LK-0004,ID-0083
LK-0004,TJ-0005
LK-0004,OAA
LK-0004,KZ-0030
LK-0004,UTDL
LK-0004,KW-0016
LK-0004,OOII
LK-0004,KZ-0012
UTDD,AF07
UTDD,RKTE
UTDD,DBU
UTDD,OKAS
UTDD,SG-0003
UTDD,RKUL
UTDD,IQ-0037
UTDD,IQ-0055
UTDD,TJ-0001
UTDD,LTBT
UTDD,UT1C
SG-0004,TR-0215
SG-0004,OAGZ
SG-0004,KZ-0018
SG-0004,IQ-0052
SG-0004,BJQ
SG-0004,LTAS
SG-0004,OOJA
SG-0004,LK-0004
SG-0004,VNDG
SG-0004,KEZ
SG-0004,IQ-0055
SG-0004,WI1G
SG-0003,OOTH
SG-0003,VCCB
SG-0003,AFK
SG-0003,RK82
SG-0003,UTDK
SG-0003,VNPK
SG-0003,UTDD
SG-0003,TJ-0004
SG-0003,RK95
SG-0003,WIOS
SG-0003,KZ-0070
SG-0003,KR-0057
SG-0003,TJ-0003
SG-0003,LTBL
SG-0003,RKTI
SG-0003,HK-0002
SG-0003,OAFZ
SG-0003,IQ-0055
SG-0003,LK-0002
SG-0003,NP-MWP
SG-0005,UT1C
SG-0005,LTAS
SG-0005,VCCW
SG-0005,WSSL
SG-0005,OM-0027
SG-0005,OAYW
SG-0005,OM-0020
SG-0005,AF-0006
SG-0005,OKAJ
SG-0005,RKPC
SG-0005,ORNI
SG-0005,AF04
OASA,VNSB
OASA,VCCS
OASA,BJQ
OASA,VNTR
OASA,WIOS
OASA,HK-0081
OASA,IQ-0019
OASA,IQ-0055
OASA,RK25
OASA,IQ-0035
OASA,ID-0085
OASA,VCCB
OASA,OM-0004
OASA,HBT
OASA,KR-0611
SG-0002,TR-0031
SG-0002,LK-0006
SG-0002,TJ-0004
SG-0002,TJ-0003
SG-0002,UASS
SG-0002,IQ-0005
SG-0002,ID-0266
SG-0002,RKRN
SG-0002,KDZ
SG-0002,OAYW
SG-0002,OOIZ
SG-0002,IQ-0047
SG-0002,UAUU
OASD,OOKB
OASD,DGM
OASD,ORTL
OASD,ID-0139
OASD,RK17
OASD,OAFZ
OASD,LTBC
OASD,ID-0266
OASD,OKAS
OASD,VNDR
OASD,WABC
OASD,LTBL
OASD,HK-0079
OASD,KZ-0018
OASD,TR-0080
OASD,TJ-0008
LTAD,VNDR
LTAD,IQ-0049
LTAD,TR-0018
LTAD,RK17
LTAD,HK-0008
LTAD,VHHH
LTAD,RKPE
LTAD,VNTH
LTAD,OM-0007
LTAD,IQ-0052
LTAD,LTFG
LTAD,KZ-0031
LTAD,VCCC
LTAD,EG-0004
LTAD,OOKB
LTAD,VNGK
LTAD,UAUU
LTAD,KZ-0026
LTAD,KZ-0078
LTAD,RKUL
LTAD,OANL
LTAD,UAII
LTAD,KZ-0019
EG-0004,VNSL
EG-0004,VNBP
EG-0004,AF-0015
EG-0004,KZ-0078
EG-0004,WI1G
EG-0004,LTAD
EG-0004,VNTR
EG-0004,TJ-0008
EG-0004,KEZ
EG-0004,UASS
EG-0004,UT1A
EG-0004,HK-0001
EG-0004,VNMN
EG-0004,OOTH
DBK,DWO
DBK,OAFZ
DBK,HETB
DBK,ID-0085
DBK,KDZ
DBK,LK-0003
DBK,IQ-0011
DBK,TR-0018
DBK,VCCC
DBK,TJ-0003
DBK,KZ-0078
DBK,OKAJ
DBK,WIDS
DBK,TJ-0001
DBK,VHHX
DBK,RKRN
DBK,VCCB
DBK,VNRC
OM-0004,VNGK
OM-0004,UT1B
OM-0004,KDW
OM-0004,WSAP
OM-0004,DGM
OM-0004,TR-0022
OM-0004,IQ-0023
OM-0004,DBU
OM-0004,ID-0167
OM-0004,KZ-0031
OM-0004,OASA
OM-0004,RKRN
LTAK,OATQ
LTAK,ORAT
LTAK,LTBR
LTAK,OANL
LTAK,LK-0002
LTAK,KR-0621
LTAK,OOTH
LTAK,DBU
LTAK,TJ-0006
LTAK,IQ-0035
LTAK,OOFD
LTAK,WSSL
LTAK,ID-0083
LTAK,VNMN
LTAK,RKTI
LTAK,UAUU
LTAJ,WI1G
LTAJ,IQ-0005
LTAJ,LTFG
LTAJ,UAUU
LTAJ,ORKK
LTAJ,VNGK
LTAJ,IQ-0011
LTAJ,VNDG
LTAJ,AF-0015
LTAJ,OM-0010
LTAJ,VCCA
LTAJ,KZ-0051
LTAJ,KR-0064
LTAJ,DGM
LTAJ,LTFH
LTAJ,KEZ
LTAJ,TR-0078
OM-0007,AFK
OM-0007,TR-0018
OM-0007,AF07
OM-0007,AF-0006
OM-0007,KR-0064
OM-0007,OM-0006
OM-0007,LTAD
OM-0007,TJ-UT44
OM-0007,LK-0002
OM-0007,TJ-UT45
OM-0007,OAHR
OM-0007,OKBK
OM-0007,VNMG
OM-0007,DWO
OM-0007,UATR
DBU,ID-0167
DBU,VNKL
DBU,KR-0611
DBU,TR-0016
DBU,UTDD
DBU,ID-0011
DBU,VNTP
DBU,KZ-0114
DBU,ID-0062
DBU,VCCW
DBU,OAFZ
DBU,IQ-0035
DBU,RK17
DBU,UTDL
DBU,LTAK
DBU,OM-0004
DBU,TJ-UT46
DBU,OALP
DBU,OOSA
DBU,RK22
IQ-0035,WIOS
IQ-0035,RK95
IQ-0035,HK-0008
IQ-0035,WSSL
IQ-0035,IQ-0019
IQ-0035,DBU
IQ-0035,KZ-0031
IQ-0035,IQ-0005
IQ-0035,LTAK
IQ-0035,OATQ
IQ-0035,RKTE
IQ-0035,KZ-0018
IQ-0035,OASA
IQ-0035,ORKK
IQ-0035,AFK
IQ-0035,OAFZ
IQ-0035,KR-0057
IQ-0035,OOTH
OM-0006,LTFG
OM-0006,OKAJ
OM-0006,TR-0018
OM-0006,KZ-0051
OM-0006,OM-0007
OM-0006,KZ-0078
OM-0006,OKDI
OM-0006,AF-0001
OM-0006,WIIK
OM-0006,UTDK
OM-0006,UAUU
OM-0006,LTCH
OM-0006,WSSL
OM-0006,IQ-0047
OM-0006,UAII
OM-0006,KDW
IQ-0036,IQ-0052
IQ-0036,KR-0621
IQ-0036,AF-0006
IQ-0036,OO42
IQ-0036,UASS
IQ-0036,HK-0008
IQ-0036,VNTJ
IQ-0036,TR-0080
IQ-0036,OAFZ
IQ-0036,WIDS
IQ-0036,UAII
IQ-0036,VNSL
IQ-0036,IQ-0029
IQ-0036,RK39
IQ-0036,KEZ
IQ-0036,VHHH
IQ-0036,VCCW
IQ-0036,IQ-0005
IQ-0036,IQ-0011
IQ-0036,IQ-0023
IQ-0037,VNPK
IQ-0037,YPCC
IQ-0037,TR-0022
IQ-0037,OOSH
IQ-0037,TJ-0006
IQ-0037,OAA
IQ-0037,IQ-0049
IQ-0037,KR-0017
IQ-0037,WIOS
IQ-0037,UTDD
IQ-0037,WABC
IQ-0037,OAGZ
IQ-0037,HEGR
IQ-0037,OOKB
IQ-0037,IQ-0047
IQ-0037,ID-0083
IQ-0037,BJQ
IQ-0037,RK17
LTAS,SG-0005
LTAS,HETB
LTAS,UAIT
LTAS,SG-0004
LTAS,LTBC
LTAS,OOIZ
LTAS,KZ-0026
LTAS,KZ-0030
LTAS,Z19M
LTAS,OAQN
OM-0009,IQ-0047
OM-0009,OOKB
OM-0009,LK-0006
OM-0009,ID-0077
OM-0009,WIOS
OM-0009,KW-0016
OM-0009,TR-0016
OM-0009,RKTE
OM-0009,UT1C
OM-0009,KZ-0114
OM-0009,LK-0002
OM-0009,RKPE
OM-0009,IQ-0055
OM-0009,TR-0080
OM-0009,IQ-0011
OM-0009,VHHH
OM-0009,TJ-0005
OM-0009,OKDI
OM-0009,WABC
LTAR,RK95
LTAR,TJ-0009
LTAR,OOII
LTAR,RKPE
LTAR,KZ-0026
LTAR,VNDG
LTAR,UT1C
LTAR,WSAC
LTAR,VCCN
LTAR,OAA
LTAR,IQ-0013
LTAR,OAFZ
LTAR,HBT
LTAR,YPCC
LTAR,QJP
LTAR,VCCB
TR-0215,KZ-0009
TR-0215,SG-0004
TR-0215,RKPC
TR-0215,VHSK
TR-0215,KZ-0026
TR-0215,ID-0011
TR-0215,UAUU
TR-0215,KZ-0051
TR-0215,RK95
TR-0215,TR-0018
TR-0215,HK-0008
YPCC,IQ-0037
YPCC,LTBC
YPCC,OAA
YPCC,TJ-0003
YPCC,VNDG
YPCC,HBT
YPCC,OANL
YPCC,KZ-0031
YPCC,RK82
YPCC,ID-0139
YPCC,OOKB
YPCC,LTAR
YPCC,RK39
YPCC,RKTI
YPCC,TJ-0008
YPCC,ID-0176
KW-0016,RKPE
KW-0016,VHSK
KW-0016,KZ-0018
KW-0016,ID-0077
KW-0016,OM-0023
KW-0016,WAFM
KW-0016,WSSS
KW-0016,DWO
KW-0016,OOII
KW-0016,ORKK
KW-0016,OM-0009
KW-0016,WASB
KW-0016,KZ-0078
KW-0016,ID-0167
KW-0016,ID-0011
KW-0016,LK-0004
KW-0016,KR-0064
KZ-0051,ID-0176
KZ-0051,ID-0085
KZ-0051,LTCE
KZ-0051,OM-0006
KZ-0051,ID-0139
KZ-0051,ID-0167
KZ-0051,TJ-UT44
KZ-0051,TR-0215
KZ-0051,LTBC
KZ-0051,WAWW
KZ-0051,VNBJ
KZ-0051,LTAJ
OOMS,VCCJ
OOMS,KZ-0030
OOMS,IQ-0011
OOMS,KEZ
OOMS,IQ-0006
OOMS,KZ-0031
OOMS,VNDG
OOMS,LTCH
OOMS,UT1A
OOMS,ID-0167
OOMS,AF07
OOMS,KR-0621
OOMS,KR-0064
OOMS,RKTE
OOMS,ID-0088
OOMS,KZ-0019
OM-0010,VNTJ
OM-0010,KZ-0078
OM-0010,KZ-0030
OM-0010,KZ-0012
OM-0010,LK-0003
OM-0010,HEGR
OM-0010,IQ-0006
OM-0010,HK-0063
OM-0010,WABC
OM-0010,VCCJ
OM-0010,WI1G
OM-0010,OAYW
OM-0010,HETB
OM-0010,AF-0005
OM-0010,TJ-0001
OM-0010,LTAJ
OM-0010,RK17
OM-0010,WSAC
OM-0010,KZ-0009
OM-0010,HK-0081
VNGK,VNMN
VNGK,OM-0004
VNGK,ID-0011
VNGK,KZ-0012
VNGK,VNMG
VNGK,TJ-0006
VNGK,IQ-0001
VNGK,KR-0621
VNGK,LTAJ
VNGK,WIDS
VNGK,WABC
VNGK,LTAD
VNGK,VCCS
VNGK,OOSA
VNGK,UT1B
VNGK,RK36
VNGK,KDW
VNGK,OAHR
ID-0167,WABC
ID-0167,DBU
ID-0167,WIIK
ID-0167,OANL
ID-0167,RK36
ID-0167,OAFZ
ID-0167,VNBJ
ID-0167,KZ-0051
ID-0167,RKTE
ID-0167,TR-0078
ID-0167,KW-0016
ID-0167,IQ-0023
ID-0167,KZ-0070
ID-0167,VCCB
ID-0167,OOMS
ID-0167,Z19M
ID-0167,IQ-0019
ID-0167,OM-0004
ID-0167,OATQ
ID-0167,VNTH
IQ-0023,LTBL
IQ-0023,LTFG
IQ-0023,VNTR
IQ-0023,RKUL
IQ-0023,OM-0020
IQ-0023,ID-0088
IQ-0023,ID-0083
IQ-0023,TJ-0006
IQ-0023,TJ-0002
IQ-0023,AF13
IQ-0023,TR-0080
IQ-0023,ID-0167
IQ-0023,OM-0004
IQ-0023,TJ-0004
IQ-0023,HK-0002
IQ-0023,OOTH
IQ-0023,VNMN
IQ-0023,IQ-0036
IQ-0023,OOSA
IQ-0029,UAIT
IQ-0029,TJ-0004
IQ-0029,OOFD
IQ-0029,VNCG
IQ-0029,ORKK
IQ-0029,OANL
IQ-0029,ORNI
IQ-0029,OKBK
IQ-0029,OAQN
IQ-0029,IQ-0036
IQ-0029,VNPK
IQ-0029,AF-0006
IQ-0029,ID-0083
IQ-0029,VNMN
IQ-0029,WSSL
IQ-0029,TJ-0006
IQ-0029,ORTL
ORTL,KZ-0068
ORTL,OM-0036
ORTL,OASD
ORTL,KDW
ORTL,TJ-0001
ORTL,WSAP
ORTL,TR-0078
ORTL,DGM
ORTL,KZ-0031
ORTL,ID-0077
ORTL,KZ-0009
ORTL,ORKK
ORTL,KZ-0067
ORTL,WSSL
ORTL,IQ-0029
ORTL,OAHR
HK-0002,KZ-0106
HK-0002,OAYW
HK-0002,AFK
HK-0002,WABC
HK-0002,VNNG
HK-0002,LK-0003
HK-0002,WSAP
HK-0002,VCCB
HK-0002,VCCW
HK-0002,OOIZ
HK-0002,OKAS
HK-0002,RKPE
HK-0002,WI1G
HK-0002,TJ-0007
HK-0002,OAFR
HK-0002,UTDT
HK-0002,KEZ
HK-0002,VNSL
HK-0002,IQ-0023
HK-0002,LTFG
HK-0002,OOII
HK-0002,SG-0003
HK-0002,VNTH
HK-0002,DWO
HK-0002,NP-MWP
HK-0002,WALT
HK-0002,HEGR
HK-0002,ID-0176
HK-0001,VNTR
HK-0001,IQ-0019
HK-0001,ID-0139
HK-0001,ID-0088
HK-0001,OOII
HK-0001,LTFH
HK-0001,OOTH
HK-0001,LK-0003
HK-0001,OAA
HK-0001,TJ-0004
HK-0001,RKUL
HK-0001,ID-0085
HK-0001,AF13
HK-0001,OKBK
HK-0001,HEGR
HK-0001,UTDK
HK-0001,EG-0004
HK-0001,IQ-0006
HK-0001,VCCS
KZ-0067,OAA
KZ-0067,VNRC
KZ-0067,RK22
KZ-0067,VCCN
KZ-0067,KZ-0031
KZ-0067,UT1B
KZ-0067,OAFR
KZ-0067,UT1C
KZ-0067,IQ-0052
KZ-0067,KZ-0078
KZ-0067,TJ-0009
KZ-0067,RK36
KZ-0067,RK25
KZ-0067,VCCJ
KZ-0067,UTDL
KZ-0067,TR-0016
KZ-0067,IQ-0005
KZ-0067,IQ-0011
KZ-0067,OM-0027
KZ-0067,ORTL
KZ-0067,WAFM
RKPE,TR-0016
RKPE,KW-0016
RKPE,LTAR
RKPE,LTAD
RKPE,IQ-0010
RKPE,VCCJ
RKPE,KZ-0114
RKPE,IQ-0049
RKPE,HK-0002
RKPE,AF-0005
RKPE,OM-0009
RKPE,HETB
RKPE,UTDT
RKPE,OKDI
RKPE,KR-0057
VCCW,OOII
VCCW,LTBR
VCCW,OM-0023
VCCW,SG-0005
VCCW,UT1A
VCCW,KZ-0019
VCCW,DBU
VCCW,IQ-0052
VCCW,HK-0063
VCCW,KZ-0114
VCCW,UAUU
VCCW,HK-0002
VCCW,TR-0031
VCCW,ID-0083
VCCW,OKAS
VCCW,ORNI
VCCW,ID-0139
VCCW,OOFD
VCCW,IQ-0036
LTCE,VCCB
LTCE,OOSA
LTCE,KZ-0051
LTCE,ORAT
LTCE,VNBJ
LTCE,OAGZ
LTCE,IQ-0049
LTCE,OO42
LTCE,IQ-0005
LTCE,WAFM
LTCE,WSAG
LTCE,OOSH
LTCE,TR-0080
LTCE,RKTE
LTCE,HK-0063
LTCE,TR-0016
LTCE,IQ-0001
LTCE,TJ-UT45
LTCE,VNTJ
RKPC,IQ-0001
RKPC,WAPC
RKPC,TR-0215
RKPC,VNSL
RKPC,VNTR
RKPC,KZ-0070
RKPC,WASB
RKPC,TJ-UT45
RKPC,VNKL
RKPC,OKBK
RKPC,SG-0005
RKPC,UTDL
RKPC,UAII
RKPC,UT1A
UASS,VNBP
UASS,TJ-0003
UASS,OKAS
UASS,IQ-0036
UASS,VNTJ
UASS,SG-0002
UASS,TJ-0006
UASS,KZ-0018
UASS,VNTH
UASS,HETB
UASS,VCCC
UASS,HK-0079
UASS,EG-0004
UASS,VCCJ
UASS,AF-0001
UASS,HEGR
LTCH,LK-0004
LTCH,UTDT
LTCH,ID-0176
LTCH,VCCJ
LTCH,VHSK
LTCH,VNTJ
LTCH,OOMS
LTCH,OM-0006
LTCH,ID-0077
LTCH,LK-0003
LTCH,KZ-0031
LTCH,LTBR
HEAR,OM-0027
HEAR,TJ-0005
HEAR,OAHR
HEAR,VNTJ
HEAR,AF-0006
HEAR,VHSK
HEAR,WSSS
HEAR,KR-0057
HEAR,RK95
HEAR,ORKK
HEAR,KR-0611
HEAR,VNNG
HEAR,KEZ
OM-0020,OAMN
OM-0020,OAFR
OM-0020,UAII
OM-0020,VNTR
OM-0020,KZ-0018
OM-0020,IQ-0023
OM-0020,LK-0003
OM-0020,ID-0011
OM-0020,WSSL
OM-0020,VHHX
OM-0020,KZ-0009
OM-0020,SG-0005
OM-0020,Z19M
OM-0020,NP-0015
OM-0020,UATR
OM-0020,ID-0139
OM-0020,KZ-0012
OM-0020,VCCJ
OM-0020,ID-0266
OM-0020,KR-0621
OM-0020,RK36
OM-0020,VNBJ
OM-0020,RK22
OM-0023,WIIK
OM-0023,KZ-0019
OM-0023,VCCW
OM-0023,TJ-UT44
OM-0023,KW-0016
OM-0023,IQ-0047
OM-0023,ID-0176
OM-0023,ID-0266
OM-0023,OAQN
OM-0023,VCCB
ID-0011,OKAJ
ID-0011,TR-0022
ID-0011,DBU
ID-0011,VNGK
ID-0011,OM-0020
ID-0011,TR-0215
ID-0011,HK-0079
ID-0011,UAIT
ID-0011,TJ-0001
ID-0011,KW-0016
ID-0011,AF13
ID-0011,VNRC
ID-0011,VNBJ
ID-0011,IQ-0011
ID-0011,KZ-0083
IQ-0010,WSAG
IQ-0010,TJ-0007
IQ-0010,KEZ
IQ-0010,RKUL
IQ-0010,RKPE
IQ-0010,KZ-0068
IQ-0010,TJ-0005
IQ-0010,WSSL
IQ-0010,AFK
IQ-0010,RK25
IQ-0011,RK39
IQ-0011,ID-0139
IQ-0011,OOMS
IQ-0011,TJ-0004
IQ-0011,WSSS
IQ-0011,ID-0176
IQ-0011,KEZ
IQ-0011,VNBJ
IQ-0011,DBK
IQ-0011,VNTR
IQ-0011,LTAJ
IQ-0011,OM-0009
IQ-0011,VHSK
IQ-0011,TR-0080
IQ-0011,KZ-0026
IQ-0011,KZ-0067
IQ-0011,OO42
IQ-0011,TJ-0003
IQ-0011,VNTP
IQ-0011,IQ-0036
IQ-0011,ID-0011
OM-0027,OANL
OM-0027,HEAR
OM-0027,QJP
OM-0027,IQ-0052
OM-0027,SG-0005
OM-0027,AF-0005
OM-0027,RK36
OM-0027,OOSH
OM-0027,HK-0063
OM-0027,OAHR
OM-0027,RKPU
OM-0027,VNTJ
OM-0027,TJ-0006
OM-0027,OAA
OM-0027,KZ-0067
OM-0027,VHHH
OM-0027,KR-0017
OM-0027,KR-0621
OM-0027,TJ-0004
WSAC,ORAT
WSAC,VNTP
WSAC,AF-0006
WSAC,LTAR
WSAC,OKAJ
WSAC,KR-0057
WSAC,IQ-0005
WSAC,AF07
WSAC,TR-0022
WSAC,TR-0031
WSAC,OAFR
WSAC,OM-0010
WSAC,OKBK
WSAC,VNNG
IQ-0013,UTDL
IQ-0013,OOIZ
IQ-0013,OOSH
IQ-0013,UAII
IQ-0013,RK22
IQ-0013,TJ-0005
IQ-0013,VNSL
IQ-0013,HE46
IQ-0013,ID-0139
IQ-0013,KZ-0030
IQ-0013,OKAS
IQ-0013,LTAR
IQ-0013,WAPC
IQ-0013,VCCN
ID-0139,IQ-0011
ID-0139,HK-0081
ID-0139,HK-0001
ID-0139,OASD
ID-0139,VNTR
ID-0139,VNTJ
ID-0139,KZ-0051
ID-0139,KZ-0030
ID-0139,IQ-0001
ID-0139,TJ-UT46
ID-0139,IQ-0013
ID-0139,VCCW
ID-0139,WSSL
ID-0139,TR-0016
ID-0139,OM-0020
ID-0139,KDW
ID-0139,IQ-0052
ID-0139,TR-0078
ID-0139,YPCC
ID-0139,VNTH
RKPU,OAGZ
RKPU,TJ-0003
RKPU,LK-0006
RKPU,KEZ
RKPU,NP-MWP
RKPU,OM-0027
RKPU,IQ-0001
RKPU,OKBK
RKPU,UT1C
RKPU,KR-0064
RKPU,WALT
RKPU,KR-0621
IQ-0019,HK-0001
IQ-0019,TJ-UT45
IQ-0019,WI1G
IQ-0019,OKAJ
IQ-0019,KR-0064
IQ-0019,IQ-0035
IQ-0019,OASA
IQ-0019,IQ-0006
IQ-0019,TJ-0002
IQ-0019,VNMG
IQ-0019,NP-0015
IQ-0019,TJ-0009
IQ-0019,AF07
IQ-0019,ID-0167
IQ-0019,ID-0176
IQ-0019,KR-0621
IQ-0019,VHHX
HK-0008,VHSK
HK-0008,OATQ
HK-0008,IQ-0036
HK-0008,IQ-0035
HK-0008,AF04
HK-0008,RKRN
HK-0008,LTAD
HK-0008,WAWW
HK-0008,ID-0083
HK-0008,NP-0015
HK-0008,WABC
HK-0008,OKAJ
HK-0008,VNTR
HK-0008,VNDR
HK-0008,TR-0215
HK-0008,TJ-0002
HK-0008,WI1G
VCCA,OALP
VCCA,IQ-0006
VCCA,VHHH
VCCA,RKUL
VCCA,OKAJ
VCCA,VNDG
VCCA,TJ-0009
VCCA,WIDS
VCCA,VCCC
VCCA,HK-0081
VCCA,VCCB
VCCA,RK95
VCCA,UT1C
VCCA,LTAJ
VCCA,ID-0085
VCCA,ORKK
VCCB,SG-0003
VCCB,LTCE
VCCB,KZ-0018
VCCB,LTBL
VCCB,HK-0002
VCCB,HK-0063
VCCB,WIOS
VCCB,ID-0167
VCCB,VCCA
VCCB,IQ-0049
VCCB,OASA
VCCB,DBK
VCCB,VNNG
VCCB,OOSA
VCCB,OM-0023
VCCB,LTAR
VCCB,OAGZ
VCCC,UT1A
VCCC,TJ-UT44
VCCC,TJ-UT46
VCCC,OOSH
VCCC,AF-0001
VCCC,OAHR
VCCC,KZ-0030
VCCC,VCCA
VCCC,UASS
VCCC,OALP
VCCC,LTAD
VCCC,HK-0063
VCCC,DBK
VCCC,WAPC
VCCC,RKTI
VCCC,RK25
VCCC,KR-0057
KZ-0078,OM-0010
KZ-0078,AF-0001
KZ-0078,RK25
KZ-0078,OM-0006
KZ-0078,VNNG
KZ-0078,EG-0004
KZ-0078,KW-0016
KZ-0078,KZ-0067
KZ-0078,KEZ
KZ-0078,DBK
KZ-0078,LTAD
LTBC,YPCC
LTBC,KR-0611
LTBC,KZ-0018
LTBC,OASD
LTBC,LTAS
LTBC,ID-0077
LTBC,TR-0018
LTBC,KZ-0083
LTBC,KZ-0051
LTBC,TJ-UT46
LTBC,LTFG
LTBC,OKAJ
LTBC,WSAP
LTBC,OAA
LTBC,KZ-0106
LTBC,WI1G
LTBC,VNTR
LTBC,RKTE
OATQ,HK-0008
OATQ,LTAK
OATQ,VNSB
OATQ,HETB
OATQ,VNNG
OATQ,IQ-0035
OATQ,LTBT
OATQ,OM-0036
OATQ,LTBL
OATQ,HK-0081
OATQ,AF13
OATQ,BJQ
OATQ,ID-0167
KZ-0070,UT1B
KZ-0070,OAQN
KZ-0070,WSAP
KZ-0070,RKPC
KZ-0070,VHHH
KZ-0070,HEGR
KZ-0070,TJ-0005
KZ-0070,SG-0003
KZ-0070,AF-0005
KZ-0070,ID-0167
KZ-0070,OOSA
KZ-0070,KR-0057
KZ-0070,VNMN
KZ-0070,WI1G
KZ-0070,TJ-UT45
VCCN,VNTP
VCCN,OKBK
VCCN,KZ-0067
VCCN,RK25
VCCN,IQ-0055
VCCN,VHHH
VCCN,LTAR
VCCN,KR-0611
VCCN,OOSA
VCCN,KZ-0012
VCCN,VNTR
VCCN,TJ-0001
VCCN,KZ-0009
VCCN,IQ-0013
OM-0036,ORTL
OM-0036,OAMN
OM-0036,TJ-0002
OM-0036,BJQ
OM-0036,AF-0001
OM-0036,WAFM
OM-0036,WSAT
OM-0036,WSSL
OM-0036,OATQ
OM-0036,AF13
OM-0036,KZ-0009
OM-0036,QJP
OM-0036,OAYW
LTBL,IQ-0049
LTBL,IQ-0023
LTBL,IQ-0005
LTBL,VCCB
LTBL,ORKK
LTBL,UT1B
LTBL,UATR
LTBL,OATQ
LTBL,SG-0003
LTBL,UAUU
LTBL,OASD
ID-0266,KR-0064
ID-0266,HK-0063
ID-0266,VCCS
ID-0266,KZ-0031
ID-0266,KZ-0012
ID-0266,ID-0062
ID-0266,WSAG
ID-0266,RK82
ID-0266,SG-0002
ID-0266,TJ-0007
ID-0266,TJ-0003
ID-0266,TR-0018
ID-0266,OASD
ID-0266,KZ-0068
ID-0266,VHHX
ID-0266,OM-0023
ID-0266,IQ-0049
ID-0266,HK-0081
ID-0266,LK-0006
ID-0266,OAQN
ID-0266,UT1A
ID-0266,OAGZ
ID-0266,OM-0020
ID-0266,HK-0079
ID-0266,OOJA
VCCS,OASA
VCCS,UAII
VCCS,ID-0266
VCCS,KZ-0009
VCCS,DWO
VCCS,LTBR
VCCS,KZ-0026
VCCS,OOSH
VCCS,VNGK
VCCS,RK17
VCCS,HK-0001
VCCS,LTBT
IQ-0001,OKBK
IQ-0001,RKPC
IQ-0001,WIIK
IQ-0001,VNGK
IQ-0001,ID-0139
IQ-0001,KZ-0009
IQ-0001,KR-0611
IQ-0001,RKPU
IQ-0001,VNRC
IQ-0001,AF07
IQ-0001,LTCE
IQ-0001,WIDS
IQ-0001,OANL
KZ-0068,ID-0077
KZ-0068,ORTL
KZ-0068,UAUU
KZ-0068,OOII
KZ-0068,OOFD
KZ-0068,OAQN
KZ-0068,IQ-0010
KZ-0068,VNBJ
KZ-0068,WI1G
KZ-0068,ID-0266
KZ-0068,KZ-0009
KZ-0068,KZ-0106
KZ-0068,VNTP
KZ-0068,IQ-0047
KZ-0068,WSAG
KZ-0068,TJ-0001
KZ-0068,RK82
KZ-0068,OAHR
LTBT,HE46
LTBT,AF-0006
LTBT,TJ-0006
LTBT,IQ-0005
LTBT,TJ-0003
LTBT,LTBR
LTBT,OATQ
LTBT,WIIK
LTBT,TR-0031
LTBT,IQ-0006
LTBT,OOTH
LTBT,VCCJ
LTBT,UTDD
LTBT,ID-0085
LTBT,VCCS
WALT,KZ-0019
WALT,TJ-0008
WALT,LK-0003
WALT,TR-0031
WALT,OAA
WALT,ORAT
WALT,QJP
WALT,VNMG
WALT,IQ-0049
WALT,TJ-UT44
WALT,RKPU
WALT,HK-0002
IQ-0005,LTAJ
IQ-0005,UT1C
IQ-0005,UAUU
IQ-0005,LTBL
IQ-0005,KR-0611
IQ-0005,LTCE
IQ-0005,IQ-0035
IQ-0005,LTBT
IQ-0005,SG-0002
IQ-0005,TJ-0005
IQ-0005,WSAC
IQ-0005,TR-0031
IQ-0005,KZ-0067
IQ-0005,ID-0083
IQ-0005,IQ-0049
IQ-0005,IQ-0036
IQ-0006,VCCA
IQ-0006,VNDR
IQ-0006,OM-0010
IQ-0006,IQ-0019
IQ-0006,TJ-0007
IQ-0006,VNPK
IQ-0006,TR-0078
IQ-0006,OOMS
IQ-0006,KDZ
IQ-0006,LTBT
IQ-0006,UAIT
IQ-0006,HEGR
IQ-0006,HK-0001
LTBR,VCCW
LTBR,KR-0017
LTBR,LTAK
LTBR,AF-0006
LTBR,LTBT
LTBR,IQ-0049
LTBR,VCCS
LTBR,OAQN
LTBR,VNTR
LTBR,RKUL
LTBR,OAFZ
LTBR,LTCH
LTBR,TJ-0002
VCCJ,TJ-0002
VCCJ,OOMS
VCCJ,TJ-0008
VCCJ,KDW
VCCJ,AF-0005
VCCJ,UT1C
VCCJ,LTCH
VCCJ,OM-0010
VCCJ,RKPE
VCCJ,TR-0018
VCCJ,VNRC
VCCJ,UAII
VCCJ,RK95
VCCJ,KZ-0067
VCCJ,WSAP
VCCJ,LTBT
VCCJ,OM-0020
VCCJ,HE46
VCCJ,TR-0016
VCCJ,UASS
VCCJ,RK25
