from,to
LKSU,UKCM
LKSU,EICL
LKSU,FI-0002
LKSU,EKMB
LKSU,EFKK
LKSU,EYAL
LKSU,SE-0006
LKSU,LOAT
LKSU,BIBV
LKSU,EGNS
LKSU,LFLA
LKSU,IE-0034
LKSU,SE-0042
LKSU,LOWG
LKSU,LBHT
LKSU,IE-0037
LKSU,IM-0006
LKSU,LFNR
LKSU,LGSA
LKSU,PT-0114
EKHG,LGLR
EKHG,LGIO
EKHG,LT-0015
EKHG,IE-0034
EKHG,FR-0320
EKHG,EIAB
EKHG,FR-0512
EKHG,UA-0082
EKHG,EYTL
EKHG,LFLA
EKHG,BG-0017
EKHG,IS-0001
EKHG,EE-0007
EKHG,EE-0010
EKHG,LFLB
EKHG,EE-0001
EKHG,EFVT
EKHG,EFPU
EKHG,IE-0023
EFNS,LOWK
EFNS,UA-0080
EFNS,BISP
EFNS,LFLA
EFNS,DK-0001
EFNS,LOLC
EFNS,LPMA
EFNS,BIDV
EFNS,EYSB
EFNS,FI-0004
EFNS,IM-0006
EFNS,UA-0017
EFNS,PT-0037
EFNS,DK-0033
EFNS,IM-0001
EFNS,LT-0021
EFNS,EEKE
LPMT,LGAT
LPMT,LT-0015
LPMT,LT-0019
LPMT,BIHI
LPMT,FR-0344
LPMT,EERA
LPMT,LOIR
LPMT,EENA
LPMT,LOWK
LPMT,PT-0088
LPMT,GR-0052
LPMT,EICM
LPMT,LT-0011
LPMT,LKJI
LKCM,DK-0050
LKCM,UKKG
LKCM,SE-0042
LKCM,PT-0061
LKCM,IE-0052
LKCM,UKFW
LKCM,UA-0093
LKCM,PT-0020
LKCM,LFIX
LKCM,UKKH
LKCM,LT-0021
LKCM,PT-0123
LKCM,BG-0031
LKCM,EE-0001
LKCM,BG-0017
LKCM,ESFA
LFIX,IE-0035
LFIX,EYVK
LFIX,LFNG
LFIX,SE-0060
LFIX,EFLN
LFIX,EFVT
LFIX,LB11
LFIX,EYKS
LFIX,EFEU
LFIX,IM-0002
LFIX,FR-0344
LFIX,BG-0042
LFIX,LKMK
LFIX,LKCM
LFIX,UKFG
LFIX,BISN
LFIX,UKGW
LFIX,PT-0088
LFIX,IE-0037
LFIX,LOIA
LFIX,EKSL
EKHM,LOAT
EKHM,EIWT
EKHM,LGPA
EKHM,LKVP
EKHM,LG55
EKHM,BIGJ
EKHM,ESUE
EKHM,LOLF
EKHM,EFSO
EKHM,ESSP
EKHM,EISG
EKHM,IE-0034
EKHM,SE-0042
EKHM,LB13
EKHM,DE-0354
EKHM,SE-0032
EKHM,UKBB
EKHM,EFKK
EKHM,LOLC
EKHM,FI-0004
EKHM,EKNS
EKHM,PT-0114
EYTL,EEKE
EYTL,CZ-0126
EYTL,AT-0011
EYTL,EIAB
EYTL,LT-0021
EYTL,IE-0023
EYTL,ESFY
EYTL,CZ-0079
EYTL,DK-0047
EYTL,DK-0033
EYTL,UA-0082
EYTL,LOIJ
EYTL,UA-0180
EYTL,PT-0020
EYTL,UKKG
EYTL,EKHG
EYTL,IM-0002
EYTL,X-VIE
EYTL,EYVK
EYTL,LPFL
EYTL,EFHL
EYTL,EENI
EYTL,LOSM
EYTL,IE-0020
EYTL,EEVU
EYTL,EFAA
SE-0032,IM-0001
SE-0032,PT-0061
SE-0032,EIWT
SE-0032,DK-0013
SE-0032,EE-0010
SE-0032,DK-0005
SE-0032,FR-0512
SE-0032,LOAD
SE-0032,BG-0115
SE-0032,LGIO
SE-0032,BIBV
SE-0032,LT-0015
SE-0032,LFDT
SE-0032,DK-0047
SE-0032,PT-0139
SE-0032,EKHM
SE-0032,LOGW
SE-0032,EKCH
SE-0032,EEVI
SE-0032,EFJY
SE-0032,EYKR
SE-0032,UKLC
SE-0032,EETI
LPMU,DK-0014
LPMU,UA-0017
LPMU,DK-0033
LPMU,IM-0001
LPMU,BG-0010
LPMU,EKSL
LPMU,EFHL
LPMU,EEVI
LPMU,LPFL
LPMU,LGNX
LPMU,EYKR
LPMU,EYVK
LPMU,ESKK
LPMU,EKLS
LPMU,EKGL
LPMU,UA-0014
LPMU,FR-0344
LPMU,PT-0139
LPMU,BIVA
LPMU,LT-0003
LPMU,ESFJ
X-VIE,EFPY
X-VIE,PT-0020
X-VIE,BISP
X-VIE,EGNS
X-VIE,SE-0060
X-VIE,LT-0021
X-VIE,LB11
X-VIE,BG-0068
X-VIE,BG-0042
X-VIE,EYJB
X-VIE,EFJY
X-VIE,EYTL
X-VIE,IE-0052
X-VIE,LT-0014
X-VIE,CZ-0185
EKHS,CZ-0185
EKHS,CZ-0054
EKHS,SE-0006
EKHS,LOLG
EKHS,EISG
EKHS,DK-0014
EKHS,FR-0320
EKHS,BG-0025
EKHS,LGML
EKHS,SE-0063
EKHS,LOGW
EKHS,SE-0044
EKHS,EKML
BG-0042,LT-0021
BG-0042,DK-0001
BG-0042,CZ-0054
BG-0042,BG-0083
BG-0042,LGST
BG-0042,BIFZ
BG-0042,EFHJ
BG-0042,ESFY
BG-0042,LG55
BG-0042,BG-0020
BG-0042,FR-0340
BG-0042,X-VIE
BG-0042,EENI
BG-0042,LOLG
BG-0042,LFIX
BG-0042,BITM
BG-0042,ESQO
BG-0042,EFVT
BG-0042,EEPU
BG-0042,EEJI
CZ-0073,EEJI
CZ-0073,EFHJ
CZ-0073,LGPA
CZ-0073,SE-0043
CZ-0073,LGAV
CZ-0073,LPMA
CZ-0073,CZ-0192
CZ-0073,LOAA
CZ-0073,SE-0021
CZ-0073,BIHI
CZ-0073,LOAD
CZ-0073,PT-0099
CZ-0073,EYPA
CZ-0073,GR-0001
CZ-0073,PT-0050
CZ-0073,EKSL
CZ-0073,GR-0056
CZ-0073,SE-0063
CZ-0073,PT-0061
CZ-0073,IM-0001
CZ-0073,UA-0047
CZ-0192,PT-0037
CZ-0192,LBBQ
CZ-0192,SE-0060
CZ-0192,FR-0445
CZ-0192,UKGW
CZ-0192,BIDV
CZ-0192,CZ-0054
CZ-0192,EFIK
CZ-0192,CZ-0073
CZ-0192,BIBV
CZ-0192,EFKI
CZ-0192,LGRD
CZ-0192,LFNG
CZ-0192,ESFJ
CZ-0192,PT-0085
CZ-0192,BITM
CZ-0192,SE-0044
CZ-0192,BIGJ
CZ-0192,LGIO
CZ-0192,EYPR
CZ-0192,LT-0021
LOLC,GR-0011
LOLC,LGST
LOLC,EFKH
LOLC,UKKG
LOLC,EIGN
LOLC,EERA
LOLC,ESQO
LOLC,EFHJ
LOLC,LOIJ
LOLC,CZ-0122
LOLC,EFNS
LOLC,EE-0010
LOLC,EFKK
LOLC,EYJB
LOLC,LGML
LOLC,CZ-0145
LOLC,FR-0512
LOLC,BITM
LOLC,GR-0052
LOLC,EE-0005
LOLC,BG-0025
LOLC,EKHM
LOLC,LFLA
LOLC,EFMA
DK-0014,LOIA
DK-0014,LPMU
DK-0014,LGST
DK-0014,EE-0010
DK-0014,LFON
DK-0014,LFDT
DK-0014,LOSM
DK-0014,EKHS
DK-0014,IS-0003
DK-0014,ESFJ
DK-0014,PT-0050
DK-0014,LT-0019
DK-0014,EFMA
DK-0014,ESQO
DK-0014,EE-0001
DK-0013,EETN
DK-0013,LFLB
DK-0013,EYVK
DK-0013,EE-0010
DK-0013,SE-0032
DK-0013,GR-0001
DK-0013,EFHL
DK-0013,UKGW
DK-0013,IM-0001
DK-0013,LBBO
DK-0013,LBBQ
DK-0013,IE-0026
DK-0013,LFYT
DK-0013,PT-0050
DK-0013,ESFY
DK-0013,IE-0007
GR-0056,SE-0043
GR-0056,EGNS
GR-0056,UA-0093
GR-0056,SE-0006
GR-0056,SE-0042
GR-0056,ESFA
GR-0056,LPMA
GR-0056,LKVP
GR-0056,LGAV
GR-0056,EFMA
GR-0056,CZ-0126
GR-0056,EFKK
GR-0056,EERA
GR-0056,LB11
GR-0056,EFKH
GR-0056,LB13
GR-0056,LOWG
GR-0056,DE-0354
GR-0056,BIRE
GR-0056,GR-0001
GR-0056,LT-0009
GR-0056,CZ-0073
GR-0056,CZ-0079
GR-0056,EFHJ
LOLG,EFAA
LOLG,LPST
LOLG,LGSA
LOLG,EKHS
LOLG,LOGG
LOLG,EYVK
LOLG,EYAL
LOLG,LB11
LOLG,ESGJ
LOLG,BG-0083
LOLG,BG-0042
LOLG,EYVI
LOLG,LKHV
LOLG,UA-0175
LOLG,LB13
LOLG,BIVA
LOLG,EICL
LOLG,EEEI
LOLG,LOIA
LOLG,LFLA
LOLG,LBVR
LOLF,LFLB
LOLF,LKBA
LOLF,DK-0001
LOLF,LOWK
LOLF,LFDT
LOLF,PT-0061
LOLF,PT-0020
LOLF,IE-0026
LOLF,LOWG
LOLF,EKHM
LOLF,EFMA
LOLF,LOLT
LOLF,LGNX
LOLF,DK-0005
LOLF,LPMA
LOLF,IE-0069
LOLF,BIBV
LOLF,EYVK
LOLF,CZ-0079
LOLF,EEVI
LOLF,LGPA
LOLF,EFJY
LOLF,LKMB
LOLF,FR-0340
LOLF,LGRD
BG-0046,EE-7685
BG-0046,EEPU
BG-0046,EE-0001
BG-0046,LT-0014
BG-0046,DE-0354
BG-0046,IE-0026
BG-0046,PT-0061
BG-0046,LGNX
BG-0046,FR-0340
BG-0046,LB13
BG-0046,UA-0047
BG-0046,LOAA
BG-0046,EEJI
BG-0046,BIBD
BG-0046,LT-0009
BG-0046,FR-0512
BG-0046,EFKK
BG-0046,LOAD
BG-0046,EISG
BG-0046,IM-0003
BG-0046,CZ-0057
BG-0046,UKCM
CZ-0079,FR-0340
CZ-0079,EYLN
CZ-0079,EICM
CZ-0079,UA-0071
CZ-0079,FR-0320
CZ-0079,EYTL
CZ-0079,LFDT
CZ-0079,LT-0027
CZ-0079,IM-0006
CZ-0079,LKHD
CZ-0079,LT-0009
CZ-0079,CZ-0145
CZ-0079,EKSL
CZ-0079,LOLF
CZ-0079,GR-0056
CZ-0079,PT-0088
CZ-0079,EKCH
ESFY,EISG
ESFY,EKLS
ESFY,IM-0002
ESFY,EYKA
ESFY,AT-0013
ESFY,BISN
ESFY,EYTL
ESFY,BG-0042
ESFY,LPST
ESFY,LOLT
ESFY,UA-0008
ESFY,LT-0014
ESFY,UA-0071
ESFY,EFHJ
ESFY,CZ-0145
ESFY,EYPA
ESFY,EEKE
ESFY,BG-0031
ESFY,CZ-0122
ESFY,LGST
ESFY,UA-0082
ESFY,EE-7685
ESFY,DK-0013
UKGW,SE-0060
UKGW,LOWG
UKGW,EKMB
UKGW,EFMA
UKGW,EEVU
UKGW,CZ-0145
UKGW,LOGG
UKGW,CZ-0192
UKGW,EFEU
UKGW,EE-0007
UKGW,EETN
UKGW,EYVI
UKGW,EFVT
UKGW,DK-0013
UKGW,EKLS
UKGW,LGML
UKGW,IM-0003
UKGW,LFIL
UKGW,EEEI
UKGW,EINC
UKGW,UA-0093
UKGW,LFIX
UKGW,LT-0003
UKGW,GR-0001
UKGW,EKSL
UKGW,LFLB
UKGW,LB11
UKGW,EICL
EYSB,IE-0034
EYSB,UKKH
EYSB,UA-0047
EYSB,EENA
EYSB,LOIA
EYSB,EIGN
EYSB,GR-0013
EYSB,LT-0019
EYSB,EKLS
EYSB,LFYT
EYSB,IS-0001
EYSB,EIKK
EYSB,LFIL
EYSB,EYPA
EYSB,PT-0123
EYSB,IE-0020
EYSB,EFNS
EYSB,BG-0068
EYSB,EEHA
EYSB,BIVH
EYSB,CZ-0057
EYSB,PT-0020
EYSB,LOAT
EYSB,UKKG
EYSB,SE-0058
EKGL,LKMB
EKGL,EEEI
EKGL,ESSP
EKGL,LOAT
EKGL,UA-0093
EKGL,SE-0042
EKGL,PT-0088
EKGL,EFMA
EKGL,CZ-0057
EKGL,CZ-0122
EKGL,CZ-0153
EKGL,LPMU
EKGL,UKFW
EKGL,FR-0469
EKGL,LBBQ
EKGL,LT-0021
EICL,LKSU
EICL,EEHA
EICL,LOAD
EICL,PT-0144
EICL,IM-0006
EICL,EEPU
EICL,SE-0042
EICL,AT-0011
EICL,BIVA
EICL,UA-0014
EICL,LOWG
EICL,FR-0320
EICL,LOLG
EICL,EYAL
EICL,UKGW
EICL,UA-0120
EICL,EFEU
EICL,CZ-0153
EICM,LKBA
EICM,PT-0037
EICM,CZ-0079
EICM,EKML
EICM,IE-0024
EICM,BISI
EICM,BG-0083
EICM,EE-7685
EICM,UA-0008
EICM,EE-0009
EICM,BG-0010
EICM,PT-0123
EICM,LPMT
EICM,LPFL
EICM,LB13
EICM,EYKR
SE-0021,GR-0013
SE-0021,LPFL
SE-0021,EFHL
SE-0021,PT-0114
SE-0021,IE-0035
SE-0021,EYVI
SE-0021,DK-0047
SE-0021,UKBB
SE-0021,LPST
SE-0021,CZ-0073
SE-0021,EE-0010
SE-0021,UA-0047
SE-0021,PT-0118
SE-0021,EFKK
SE-0021,LB11
SE-0021,AT-0013
SE-0021,EFMA
SE-0021,BG-0017
SE-0021,DK-0033
ESGJ,BIFZ
ESGJ,LKMB
ESGJ,EFLN
ESGJ,EFHJ
ESGJ,ESUE
ESGJ,EE-0009
ESGJ,EE-0001
ESGJ,CZ-0153
ESGJ,LOLG
ESGJ,LG55
ESGJ,LFNR
ESGJ,LPST
ESGJ,ESFA
ESGJ,EIKK
ESGJ,LFON
ESGJ,EYKA
ESGJ,BG-0017
ESGJ,FR-0340
ESGJ,EISG
ESGJ,CZ-0158
ESGJ,BG-0115
CZ-0185,FR-0445
CZ-0185,EKHS
CZ-0185,LFRN
CZ-0185,UA-0128
CZ-0185,EEVI
CZ-0185,CZ-0158
CZ-0185,LKJI
CZ-0185,DE-0354
CZ-0185,FR-0344
CZ-0185,BIGJ
CZ-0185,EENA
CZ-0185,CZ-0126
CZ-0185,UKKH
CZ-0185,IE-0001
CZ-0185,BIVA
CZ-0185,UA-0120
CZ-0185,EFKK
CZ-0185,LT-0011
CZ-0185,LFFP
CZ-0185,IE-0026
CZ-0185,LGSA
CZ-0185,X-VIE
DK-0001,BG-0042
DK-0001,IE-0069
DK-0001,LOLF
DK-0001,PT-0114
DK-0001,EFEU
DK-0001,EENA
DK-0001,EFNS
DK-0001,EKCH
DK-0001,BG-0016
DK-0001,EEEI
DK-0001,IE-0052
DK-0001,GR-0011
DK-0001,LT-0027
DK-0001,CZ-0057
DK-0001,LBVR
DK-0001,EEKE
DK-0001,EE-7685
LB11,UA-0071
LB11,LBHT
LB11,EYPR
LB11,LKMB
LB11,LOIA
LB11,LT-0003
LB11,EKSL
LB11,BG-0083
LB11,LOLG
LB11,X-VIE
LB11,LFIX
LB11,SE-0074
LB11,LOWG
LB11,GR-0056
LB11,PT-0050
LB11,GR-0013
LB11,SE-0021
LB11,EEPU
LB11,FR-0344
LB11,FI-0002
LB11,PT-0029
LB11,UKGW
LB11,LFRN
FR-0512,PT-0029
FR-0512,CZ-0158
FR-0512,LOSM
FR-0512,FI-0004
FR-0512,IS-0003
FR-0512,GR-0013
FR-0512,LKMB
FR-0512,EFPU
FR-0512,SE-0032
FR-0512,EKHG
FR-0512,LPFL
FR-0512,LOLC
FR-0512,BG-0046
FR-0512,EKLS
FR-0512,UA-0080
FR-0512,IE-0024
FR-0512,EFLN
FR-0512,LFDT
FR-0512,ESMN
LFYT,EYKA
LFYT,SE-0063
LFYT,DE-0354
LFYT,EE-7685
LFYT,IE-0007
LFYT,GR-0052
LFYT,CZ-0126
LFYT,EYSB
LFYT,EEEI
LFYT,BG-0016
LFYT,CZ-0153
LFYT,IM-0006
LFYT,EIBR
LFYT,CZ-0145
LFYT,EKMB
LFYT,IE-0052
LFYT,UKCM
LFYT,DK-0013
DK-0005,PT-0020
DK-0005,LT-0003
DK-0005,EFLN
DK-0005,SE-0043
DK-0005,IE-0035
DK-0005,BG-0115
DK-0005,EFJY
DK-0005,UKFG
DK-0005,SE-0032
DK-0005,EKML
DK-0005,UA-0017
DK-0005,SE-0060
DK-0005,LOLF
DK-0005,LKBA
DK-0005,LFNR
DK-0005,LGSA
GR-0064,UKBB
GR-0064,EYPR
GR-0064,LKVP
GR-0064,EEVU
GR-0064,ESFA
GR-0064,AT-0013
GR-0064,LOAA
GR-0064,PT-0088
GR-0064,LGRD
GR-0064,LFON
GR-0064,UA-0017
GR-0064,EFPU
GR-0064,FR-0320
GR-0064,SE-0060
GR-0064,BIHI
GR-0064,EEHA
GR-0064,GR-0005
GR-0064,EENA
GR-0064,UKFG
GR-0064,LGNX
LB13,LFSV
LB13,BG-0010
LB13,UKFG
LB13,UA-0071
LB13,EETN
LB13,LFFP
LB13,EYKR
LB13,EFPY
LB13,BG-0046
LB13,GR-0056
LB13,EYAL
LB13,LOLG
LB13,UKKG
LB13,EFJY
LB13,EKHM
LB13,EERU
LB13,EIGN
LB13,EKLS
LB13,EICM
LB13,LOWK
LB13,BG-0031
LB13,BG-0020
LB13,BIHU
LB13,EISG
LPMA,IM-0003
LPMA,GR-0028
LPMA,LKMK
LPMA,BG-0117
LPMA,ESFA
LPMA,GR-0056
LPMA,CZ-0073
LPMA,DK-0021
LPMA,CZ-0057
LPMA,EFNS
LPMA,LKMB
LPMA,DK-0047
LPMA,ESQO
LPMA,LKJI
LPMA,LOLF
LPMA,LFRN
LPMA,PT-0123
LPMA,LT-0003
LPMA,BG-0010
LPMA,LGAV
LFIL,ESMN
LFIL,ESKK
LFIL,LKVP
LFIL,UA-0071
LFIL,EKLS
LFIL,EFMA
LFIL,PT-0099
LFIL,EYSB
LFIL,GR-0001
LFIL,LOAT
LFIL,EFKH
LFIL,UKGW
LFIL,DE-0354
LFIL,DK-0033
LFIL,EINC
LFIL,EYLN
BIOF,EKMB
BIOF,EKCH
BIOF,DE-0354
BIOF,EFKK
BIOF,EYPR
BIOF,EYPA
BIOF,SE-0060
BIOF,EINC
BIOF,PT-0123
BIOF,EFPU
BIOF,SE-0058
BIOF,LKJI
BIOF,FR-0344
BIOF,LOAT
BIOF,CZ-0153
BIOF,EE-0009
EFPU,EFMA
EFPU,UA-0120
EFPU,IE-0069
EFPU,BG-0010
EFPU,PT-0139
EFPU,UA-0082
EFPU,UA-0080
EFPU,FR-0512
EFPU,LPFL
EFPU,EE-0007
EFPU,AT-0002
EFPU,GR-0064
EFPU,BIOF
EFPU,BIVA
EFPU,IM-0001
EFPU,BITE
EFPU,EYPA
EFPU,BISN
EFPU,CZ-0054
EFPU,LT-0009
EFPU,EENI
EFPU,EKHG
EFPU,UKBB
EYVI,EIKK
EYVI,EINC
EYVI,EYKR
EYVI,EE-0001
EYVI,EETN
EYVI,SE-0021
EYVI,EE-0007
EYVI,IM-0003
EYVI,IM-0002
EYVI,EETI
EYVI,LOLG
EYVI,UKGW
EYVI,LOAD
EYVI,AT-0011
EYVI,BISP
EYVI,EKLS
EYVI,EYKA
EYVI,EKMB
EYVK,LFIX
EYVK,EERA
EYVK,DK-0013
EYVK,BISI
EYVK,BG-0017
EYVK,LOLG
EYVK,EEJI
EYVK,GR-0005
EYVK,LOSM
EYVK,LPMU
EYVK,EERU
EYVK,PT-0118
EYVK,EKLV
EYVK,EYTL
EYVK,LOLF
EYVK,FR-0340
EYVK,CZ-0122
EYVK,BIVA
EYVK,IM-0002
EYVK,IM-0004
EFPY,EYJB
EFPY,X-VIE
EFPY,AT-0013
EFPY,LT-0021
EFPY,UA-0120
EFPY,IM-0002
EFPY,LG55
EFPY,EE-0001
EFPY,PT-0088
EFPY,UA-0180
EFPY,LB13
EFPY,SE-0063
EFPY,LFRW
EFPY,EKLS
EFPY,IM-0003
EFPY,IS-0001
EFPY,LOSM
EFPY,EENI
EFPY,LOAD
LFLA,SE-0063
LFLA,EKML
LFLA,ESUE
LFLA,EFNS
LFLA,FR-0320
LFLA,BIBD
LFLA,UA-0082
LFLA,LFRW
LFLA,IE-0034
LFLA,BG-0020
LFLA,UA-0128
LFLA,EERU
LFLA,LKSU
LFLA,LT-0021
LFLA,BG-0010
LFLA,LT-0003
LFLA,EKHG
LFLA,EYJB
LFLA,EEEI
LFLA,IM-0003
LFLA,LOLG
LFLA,LOLC
LFLA,IE-0037
CZ-0054,EKHS
CZ-0054,EYAL
CZ-0054,EFEU
CZ-0054,PT-0037
CZ-0054,BIGJ
CZ-0054,BG-0042
CZ-0054,IE-0023
CZ-0054,PT-0088
CZ-0054,CZ-0192
CZ-0054,LT-0014
CZ-0054,SE-0074
CZ-0054,EISG
CZ-0054,EFKK
CZ-0054,LOAD
CZ-0054,LBBQ
CZ-0054,FI-0012
CZ-0054,PT-0139
CZ-0054,BIRE
CZ-0054,BISI
CZ-0054,EFPU
CZ-0054,EEKE
LFLB,DK-0013
LFLB,LOLF
LFLB,LFBM
LFLB,LGAT
LFLB,BG-0010
LFLB,EEPU
LFLB,LGML
LFLB,PT-0099
LFLB,LFNG
LFLB,BG-0117
LFLB,EYLN
LFLB,PT-0061
LFLB,UKCM
LFLB,LOIA
LFLB,ESFA
LFLB,EKHG
LFLB,EYPA
LFLB,UKGW
LFLB,EKNS
LFLB,BG-0119
LFLB,EERU
LFLB,BITE
UKKH,EYSB
UKKH,LGLR
UKKH,LFNG
UKKH,IE-0069
UKKH,BIRE
UKKH,EEVI
UKKH,LGML
UKKH,EFTP
UKKH,FI-0012
UKKH,EE-0010
UKKH,DK-0050
UKKH,CZ-0185
UKKH,UKBB
UKKH,LKCM
UKKH,ESFJ
UKKH,SE-0043
UKKH,EEHA
UKKH,IS-0001
UKKH,ESSP
UKKH,DK-0047
UKKH,UA-0008
UKKH,BIBD
UKKH,BG-0025
DK-0033,BG-0017
DK-0033,EETN
DK-0033,LT-0011
DK-0033,LGML
DK-0033,LOWK
DK-0033,LPMU
DK-0033,LBVR
DK-0033,LFNR
DK-0033,PT-0118
DK-0033,EYTL
DK-0033,EYPR
DK-0033,LFBM
DK-0033,SE-0058
DK-0033,EE-0009
DK-0033,LPST
DK-0033,IE-0020
DK-0033,LFIL
DK-0033,SE-0021
DK-0033,PT-0114
DK-0033,EFNS
SE-0006,BIVH
SE-0006,BG-0031
SE-0006,LKMK
SE-0006,EKHS
SE-0006,PT-0088
SE-0006,GR-0056
SE-0006,LKHD
SE-0006,UA-0120
SE-0006,LKSU
SE-0006,EYKA
SE-0006,BG-0025
SE-0006,EGNS
SE-0006,EEKE
SE-0006,UA-0047
SE-0006,IE-0020
SE-0006,EE-7685
UKKG,LKCM
UKKG,BIBV
UKKG,LOLC
UKKG,BG-0083
UKKG,EYPA
UKKG,UA-0014
UKKG,LGAV
UKKG,UA-0128
UKKG,DE-0354
UKKG,EYTL
UKKG,GR-0013
UKKG,LB13
UKKG,BG-0017
UKKG,EEHA
UKKG,EIWT
UKKG,EYSB
UA-0093,IM-0004
UA-0093,LFON
UA-0093,GR-0056
UA-0093,EKGL
UA-0093,ESKK
UA-0093,PT-0147
UA-0093,EIBR
UA-0093,LKHD
UA-0093,ESQO
UA-0093,IE-0023
UA-0093,EKSL
UA-0093,LKCM
UA-0093,LGML
UA-0093,SE-0042
UA-0093,IS-0003
UA-0093,EE-9278
UA-0093,UKGW
UA-0093,LFRW
UA-0093,LOAT
UA-0093,PT-0139
LKVP,EE-0001
LKVP,UA-0071
LKVP,GR-0064
LKVP,LFIL
LKVP,EKHM
LKVP,LGIO
LKVP,GR-0056
LKVP,EGNS
LKVP,IS-0001
LKVP,BIFZ
LKVP,EEKE
LKVP,EKMB
LKVP,GR-0005
LKVP,LGNX
LKVP,LPST
LKVP,EEPU
LKVP,LT-0019
LKVP,LGAV
BG-0068,LGNX
BG-0068,LBVR
BG-0068,EKVL
BG-0068,GR-0028
BG-0068,LOAT
BG-0068,IE-0023
BG-0068,IM-0001
BG-0068,LOIR
BG-0068,LOSM
BG-0068,EYLN
BG-0068,X-VIE
BG-0068,LT-0009
BG-0068,UA-0175
BG-0068,EERA
BG-0068,LOAD
BG-0068,CZ-0158
BG-0068,BIRE
BG-0068,EIBR
BG-0068,EYSB
BG-0068,PT-0099
BG-0068,DE-0354
BG-0068,EE-9278
BG-0068,LOIA
BG-0068,EFSO
BG-0068,LGML
CZ-0057,LGST
CZ-0057,IE-0035
CZ-0057,GR-0013
CZ-0057,UKBB
CZ-0057,ESUE
CZ-0057,LPST
CZ-0057,EFKK
CZ-0057,EE-9278
CZ-0057,LPMA
CZ-0057,EKGL
CZ-0057,DK-0001
CZ-0057,EYPA
CZ-0057,EFIK
CZ-0057,EKMB
CZ-0057,CZ-0145
CZ-0057,LKBA
CZ-0057,GR-0052
CZ-0057,ESSP
CZ-0057,EFEU
CZ-0057,BG-0025
CZ-0057,PT-0139
CZ-0057,EYSB
CZ-0057,LBBQ
CZ-0057,EFTP
CZ-0057,BG-0046
CZ-0057,LOGW
CZ-0057,BIVA
LBBO,SE-0042
LBBO,EE-9278
LBBO,DK-0021
LBBO,PT-0088
LBBO,EFIK
LBBO,PT-0114
LBBO,LOWK
LBBO,UA-0128
LBBO,PT-0037
LBBO,GR-0013
LBBO,FI-0004
LBBO,BG-0119
LBBO,DE-0354
LBBO,LKJI
LBBO,DK-0013
LBBO,EKLS
LBBO,EIKK
LGLR,UKKH
LGLR,EKHG
LGLR,UA-0175
LGLR,LT-0014
LGLR,LOIA
LGLR,EYPA
LGLR,EFTP
LGLR,LKMB
LGLR,EIGN
LGLR,CZ-0126
LGLR,BISI
LGLR,LOSM
LGLR,BIAE
LGLR,SE-0060
LGLR,EFEU
LGLR,BIHU
LGLR,BIVH
LGLR,LGNX
LGLR,EKLV
LGLR,PT-0050
LGLR,LGML
LGLR,PT-0037
LGLR,EEVI
LGLR,FR-0469
LGLR,LKHD
LGLR,IS-0001
LGLR,UA-0120
LGLR,GR-0019
LGLR,PT-0099
LBBQ,CZ-0192
LBBQ,DE-0354
LBBQ,GR-0011
LBBQ,BIAE
LBBQ,EKMB
LBBQ,PT-0114
LBBQ,CZ-0054
LBBQ,BG-0020
LBBQ,LKJI
LBBQ,EFEU
LBBQ,CZ-0057
LBBQ,DK-0013
LBBQ,EKGL
GR-0052,UA-0047
GR-0052,ESND
GR-0052,EE-7685
GR-0052,BIVH
GR-0052,LFON
GR-0052,EFKI
GR-0052,LFYT
GR-0052,LPST
GR-0052,PT-0123
GR-0052,EFLN
GR-0052,DE-0354
GR-0052,IM-0002
GR-0052,IM-0001
GR-0052,IE-0069
GR-0052,LPMT
GR-0052,FR-0445
GR-0052,CZ-0057
GR-0052,LOLC
GR-0052,ESMN
GR-0052,LFNR
LOLT,BIHU
LOLT,GR-0011
LOLT,LGPA
LOLT,BG-0115
LOLT,UA-0017
LOLT,UA-0128
LOLT,EE-0001
LOLT,PT-0088
LOLT,UA-0071
LOLT,ESFY
LOLT,SE-0060
LOLT,EFHL
LOLT,LOLF
LOLT,EYAL
LOLT,LGAV
LOLT,BG-0031
LOLT,DE-0354
LOLT,DK-0047
LOLT,EYKS
LOLT,EE-0010
EENA,UA-0175
EENA,PT-0089
EENA,EYSB
EENA,DK-0001
EENA,PT-0099
EENA,LPST
EENA,EKNS
EENA,IE-0024
EENA,CZ-0185
EENA,PT-0050
EENA,BISP
EENA,SE-0063
EENA,LT-0014
EENA,LGSA
EENA,LPMT
EENA,FR-0320
EENA,EFKH
EENA,EYLN
EENA,BIVA
EENA,EE-0007
EENA,GR-0064
EENA,UKLC
EENA,LKBA
EENA,UA-0017
UA-0080,EFNS
UA-0080,EFVT
UA-0080,EFHL
UA-0080,DK-0047
UA-0080,EFPU
UA-0080,LFNG
UA-0080,FI-0004
UA-0080,LOIJ
UA-0080,LT-0009
UA-0080,CZ-0122
UA-0080,LT-0011
UA-0080,BIRE
UA-0080,EEVU
UA-0080,FR-0512
UA-0080,DK-0050
UA-0080,EIKK
DK-0021,PT-0061
DK-0021,LGAV
DK-0021,LBBO
DK-0021,BIVA
DK-0021,EE-9278
DK-0021,EYPA
DK-0021,LPMA
DK-0021,PT-0088
DK-0021,IM-0001
DK-0021,IE-0020
DK-0021,EE-0001
DK-0021,BG-0031
DK-0021,FR-0469
DK-0021,EIAB
DK-0021,BIHI
UA-0082,IE-0037
UA-0082,IM-0003
UA-0082,EFMA
UA-0082,IE-0020
UA-0082,EFPU
UA-0082,LFLA
UA-0082,LOWK
UA-0082,LFNG
UA-0082,EIAB
UA-0082,SE-0058
UA-0082,EETI
UA-0082,EYTL
UA-0082,EKHG
UA-0082,ESKK
UA-0082,EE-9278
UA-0082,EKSL
UA-0082,BG-0025
UA-0082,EKMB
UA-0082,LKJI
UA-0082,EFJY
UA-0082,PT-0050
UA-0082,IM-0002
UA-0082,ESFY
LGML,LBVR
LGML,CZ-0153
LGML,DK-0033
LGML,EKLV
LGML,LGNX
LGML,IE-0052
LGML,UKKH
LGML,EIAB
LGML,LFLB
LGML,CZ-0126
LGML,EE-0007
LGML,EKHS
LGML,LOLC
LGML,UA-0093
LGML,UKGW
LGML,BG-0115
LGML,LGSA
LGML,ESQO
LGML,LOAA
LGML,LGLR
LGML,LKHV
LGML,FR-0469
LGML,PT-0089
LGML,LT-0009
LGML,BG-0068
EENI,LOGG
EENI,PT-0088
EENI,EISG
EENI,IE-0035
EENI,LOGW
EENI,UKFW
EENI,LOAA
EENI,LKMK
EENI,BG-0042
EENI,BG-0010
EENI,LT-0009
EENI,PT-0037
EENI,GR-0005
EENI,AT-0013
EENI,PT-0020
EENI,BIRE
EENI,EYTL
EENI,LKHD
EENI,EFPY
EENI,EFPU
EEPU,BG-0046
EEPU,LT-0014
EEPU,ESQO
EEPU,BISN
EEPU,BIAE
EEPU,LFLB
EEPU,EICL
EEPU,LKMK
EEPU,EEHA
EEPU,FI-0002
EEPU,EE-0009
EEPU,EEVU
EEPU,LB11
EEPU,LT-0019
EEPU,LKVP
EEPU,BG-0042
EEPU,PT-0085
EKLS,ESFY
EKLS,LFRN
EKLS,LOAD
EKLS,LT-0011
EKLS,CZ-0158
EKLS,IE-0007
EKLS,LFIL
EKLS,LOWG
EKLS,EYSB
EKLS,EIGN
EKLS,IM-0001
EKLS,LPMU
EKLS,LBHT
EKLS,LFRW
EKLS,GR-0013
EKLS,EYJB
EKLS,EFPY
EKLS,UKGW
EKLS,UA-0017
EKLS,FR-0512
EKLS,LKHD
EKLS,LB13
EKLS,EEEI
EKLS,EYVI
EKLS,EE-7685
EKLS,LBBO
EKLS,CZ-0122
LGPA,IE-0069
LGPA,AT-0002
LGPA,EKHM
LGPA,LOLT
LGPA,CZ-0073
LGPA,LOWK
LGPA,SE-0074
LGPA,UA-0014
LGPA,EE-9278
LGPA,LT-0014
LGPA,EFKK
LGPA,LT-0019
LGPA,LOLF
EKLV,IE-0007
EKLV,GR-0001
EKLV,DK-0050
EKLV,LKHV
EKLV,LFFP
EKLV,LGML
EKLV,SE-0043
EKLV,GR-0019
EKLV,SE-0063
EKLV,EKML
EKLV,EIGN
EKLV,EYVK
EKLV,GR-0005
EKLV,LKBA
EKLV,LGLR
EKLV,ESFA
EKLV,SE-0060
EKLV,LKJI
EKLV,IE-0037
FR-0320,EKSL
FR-0320,BIHI
FR-0320,FR-0445
FR-0320,LFLA
FR-0320,CZ-0079
FR-0320,EKVL
FR-0320,FR-0344
FR-0320,EE-0001
FR-0320,EKHG
FR-0320,LOWK
FR-0320,EKHS
FR-0320,GR-0064
FR-0320,GR-0013
FR-0320,EENA
FR-0320,IM-0004
FR-0320,IS-0003
FR-0320,LGIO
FR-0320,IS-0001
FR-0320,EICL
FR-0320,UKLC
FR-0320,UA-0071
FR-0320,EKCH
FR-0320,IE-0052
LFNG,EIGN
LFNG,PT-0147
LFNG,UKKH
LFNG,LFIX
LFNG,BG-0016
LFNG,EIWT
LFNG,EYPA
LFNG,EIAB
LFNG,EFLN
LFNG,UA-0082
LFNG,EEVU
LFNG,IM-0004
LFNG,LOSM
LFNG,UA-0080
LFNG,FI-0004
LFNG,LFLB
LFNG,CZ-0192
LFNG,EYJB
LFNG,LFNR
LFNG,EE-7685
LFNG,LOGW
LFNG,PT-0144
IM-0003,UA-0082
IM-0003,LPMA
IM-0003,GR-0011
IM-0003,LGNX
IM-0003,EYVI
IM-0003,EINC
IM-0003,IE-0026
IM-0003,UKGW
IM-0003,CZ-0145
IM-0003,EFPY
IM-0003,BISP
IM-0003,IM-0004
IM-0003,BIRE
IM-0003,BIFZ
IM-0003,ESUE
IM-0003,LFLA
IM-0003,LGRD
IM-0003,BG-0046
IM-0003,EFKK
IM-0003,LT-0021
IM-0003,LOSM
LBVR,BG-0068
LBVR,LGML
LBVR,EISG
LBVR,EINC
LBVR,EEJI
LBVR,BISP
LBVR,DK-0033
LBVR,GR-0019
LBVR,LGAV
LBVR,AT-0013
LBVR,IE-0020
LBVR,IM-0006
LBVR,ESKK
LBVR,DK-0001
LBVR,FR-0340
LBVR,LOLG
LBVR,ESMN
IM-0004,EKVL
IM-0004,UA-0093
IM-0004,UKBB
IM-0004,LOGW
IM-0004,LOAT
IM-0004,LFNG
IM-0004,EIBR
IM-0004,AT-0013
IM-0004,ESND
IM-0004,ESFJ
IM-0004,FR-0320
IM-0004,EKSL
IM-0004,EE-0001
IM-0004,AT-0002
IM-0004,LG55
IM-0004,IM-0003
IM-0004,PT-0037
IM-0004,BISH
IM-0004,SE-0060
IM-0004,UKLC
IM-0004,ESFA
IM-0004,BIRE
IM-0004,BIFZ
IM-0004,EYVK
IM-0006,ESUE
IM-0006,GR-0013
IM-0006,IE-0001
IM-0006,IE-0069
IM-0006,EICL
IM-0006,LKMK
IM-0006,GR-0005
IM-0006,LFON
IM-0006,UKLC
IM-0006,IM-0002
IM-0006,EFKH
IM-0006,CZ-0079
IM-0006,LBVR
IM-0006,BG-0119
IM-0006,EE-9278
IM-0006,LKSU
IM-0006,LT-0021
IM-0006,LFYT
IM-0006,EFNS
IM-0006,IM-0001
IM-0006,EIAB
IM-0006,LOWG
IM-0006,EYKS
PT-0099,LKJI
PT-0099,EE-0009
PT-0099,LGNX
PT-0099,EENA
PT-0099,EFTP
PT-0099,LOAT
PT-0099,LFLB
PT-0099,PT-0147
PT-0099,CZ-0122
PT-0099,SE-0042
PT-0099,EFSO
PT-0099,UA-0180
PT-0099,LFIL
PT-0099,CZ-0073
PT-0099,EKML
PT-0099,UA-0014
PT-0099,BG-0068
PT-0099,IS-0001
PT-0099,CZ-0126
PT-0099,EYKR
PT-0099,LGLR
PT-0099,IE-0023
FR-0445,BISP
FR-0445,CZ-0185
FR-0445,FR-0320
FR-0445,LOAD
FR-0445,CZ-0192
FR-0445,UKBB
FR-0445,EIGN
FR-0445,EYPA
FR-0445,LT-0003
FR-0445,LGST
FR-0445,GR-0028
FR-0445,LFSV
FR-0445,SE-0060
FR-0445,PT-0114
FR-0445,IE-0023
FR-0445,LPST
FR-0445,BIHU
FR-0445,GR-0052
FR-0445,EFLN
FR-0445,BG-0025
FR-0445,ESMN
FR-0445,EEVU
FR-0445,EETI
FR-0445,DE-0354
FR-0445,PT-0085
IM-0001,IE-0026
IM-0001,SE-0032
IM-0001,LPMU
IM-0001,BG-0068
IM-0001,IE-0037
IM-0001,LFDT
IM-0001,EKLS
IM-0001,GR-0052
IM-0001,UA-0180
IM-0001,DK-0021
IM-0001,EFPU
IM-0001,GR-0028
IM-0001,DK-0013
IM-0001,EISG
IM-0001,LKBA
IM-0001,GR-0011
IM-0001,EYKR
IM-0001,IM-0006
IM-0001,IE-0020
IM-0001,LGNX
IM-0001,CZ-0073
IM-0001,IE-0001
IM-0001,EFNS
UA-0071,LKVP
UA-0071,LB11
UA-0071,BIBD
UA-0071,PT-0114
UA-0071,CZ-0079
UA-0071,EIBR
UA-0071,LFIL
UA-0071,LB13
UA-0071,IE-0007
UA-0071,LOLT
UA-0071,BG-0117
UA-0071,UKBB
UA-0071,LOIJ
UA-0071,EE-0010
UA-0071,ESFY
UA-0071,BIFZ
UA-0071,BIVH
UA-0071,FR-0320
UA-0071,EIAB
UA-0071,LFBM
UA-0071,EYAL
UA-0071,UA-0008
UA-0071,PT-0029
UA-0071,BG-0083
BG-0083,LT-0003
BG-0083,EKSL
BG-0083,EFMA
BG-0083,IE-0001
BG-0083,EYLN
BG-0083,UKKG
BG-0083,BG-0042
BG-0083,EE-0001
BG-0083,EICM
BG-0083,EFVT
BG-0083,LB11
BG-0083,BG-0025
BG-0083,CZ-0145
BG-0083,IE-0023
BG-0083,LOLG
BG-0083,LFRW
BG-0083,BITE
BG-0083,EISG
BG-0083,ESND
BG-0083,PT-0020
BG-0083,EYKA
BG-0083,IE-0026
BG-0083,UA-0071
IM-0002,BG-0115
IM-0002,FR-0344
IM-0002,EISG
IM-0002,EEVU
IM-0002,ESFY
IM-0002,EFPY
IM-0002,FI-0004
IM-0002,EEVI
IM-0002,IM-0006
IM-0002,GR-0052
IM-0002,EYVI
IM-0002,LFIX
IM-0002,LOAT
IM-0002,LGNX
IM-0002,LKMK
IM-0002,EYTL
IM-0002,EE-9278
IM-0002,EYPR
IM-0002,LKMB
IM-0002,UA-0082
IM-0002,EYKR
IM-0002,LFDT
IM-0002,EYVK
IM-0002,IS-0001
LKHD,ESQO
LKHD,BG-0016
LKHD,EFKH
LKHD,SE-0006
LKHD,UA-0093
LKHD,EYKR
LKHD,CZ-0079
LKHD,EKLS
LKHD,CZ-0145
LKHD,LGSA
LKHD,EENI
LKHD,LGLR
LKHD,EIAB
LKHD,PT-0020
EKMB,LGRD
EKMB,BIOF
EKMB,LT-0014
EKMB,LKSU
EKMB,IE-0052
EKMB,UKGW
EKMB,LGIO
EKMB,LFON
EKMB,EEEI
EKMB,PT-0061
EKMB,UA-0180
EKMB,LBBQ
EKMB,LOAD
EKMB,LKVP
EKMB,GR-0011
EKMB,LFSV
EKMB,CZ-0057
EKMB,LT-0019
EKMB,UA-0082
EKMB,LFYT
EKMB,LGST
EKMB,EYVI
EFSO,LFON
EFSO,BIRE
EFSO,FR-0340
EFSO,CZ-0122
EFSO,UKFG
EFSO,PT-0099
EFSO,EEJI
EFSO,EKHM
EFSO,UA-0128
EFSO,IE-0007
EFSO,LOIA
EFSO,SE-0060
EFSO,BG-0068
EFSO,GR-0013
LFNR,LFRN
LFNR,LGNX
LFNR,CZ-0158
LFNR,LT-0011
LFNR,UKFW
LFNR,PT-0089
LFNR,EEVI
LFNR,DK-0033
LFNR,EYPA
LFNR,ESGJ
LFNR,LKSU
LFNR,ESKK
LFNR,EIKK
LFNR,LFNG
LFNR,SE-0058
LFNR,GR-0052
LFNR,UA-0017
LFNR,DK-0005
LFNR,UA-0014
EFAA,LG55
EFAA,LOLG
EFAA,LKHV
EFAA,EFIK
EFAA,PT-0037
EFAA,LBHT
EFAA,EYPA
EFAA,EKVL
EFAA,ESFJ
EFAA,EFHL
EFAA,BG-0020
EFAA,LGRD
EFAA,EYTL
EIWT,EKHM
EIWT,UA-0008
EIWT,CZ-0126
EIWT,LFNG
EIWT,SE-0032
EIWT,LT-0021
EIWT,ESFJ
EIWT,EKCH
EIWT,CZ-0158
EIWT,EFIK
EIWT,EKML
EIWT,UKBB
EIWT,UKKG
EIWT,EIKK
EIWT,LGST
EIWT,LPFL
BIRE,EFSO
BIRE,BIGJ
BIRE,EKNS
BIRE,UKKH
BIRE,PT-0089
BIRE,AT-0013
BIRE,UA-0180
BIRE,IE-0069
BIRE,GR-0056
BIRE,ESUE
BIRE,AT-0002
BIRE,UA-0080
BIRE,BG-0068
BIRE,SE-0043
BIRE,EKVL
BIRE,IE-0035
BIRE,EEEI
BIRE,LFBM
BIRE,IM-0003
BIRE,CZ-0054
BIRE,EENI
BIRE,EERA
BIRE,IE-0001
BIRE,IM-0004
EE-9278,LBBO
EE-9278,BIAE
EE-9278,UA-0120
EE-9278,ESFA
EE-9278,BIVH
EE-9278,DK-0021
EE-9278,SE-0058
EE-9278,LGRD
EE-9278,LFRW
EE-9278,PT-0144
EE-9278,CZ-0057
EE-9278,LOAA
EE-9278,EFMA
EE-9278,UA-0082
EE-9278,IM-0006
EE-9278,LGPA
EE-9278,UA-0093
EE-9278,BISN
EE-9278,IM-0002
EE-9278,BG-0068
LGNX,LFNR
LGNX,BG-0068
LGNX,PT-0099
LGNX,FI-0004
LGNX,LGML
LGNX,SE-0043
LGNX,DK-0050
LGNX,BIHI
LGNX,IM-0003
LGNX,BG-0046
LGNX,IE-0034
LGNX,LPMU
LGNX,LPST
LGNX,IM-0002
LGNX,EEVU
LGNX,LKVP
LGNX,LOLF
LGNX,SE-0044
LGNX,EFEU
LGNX,LGLR
LGNX,UA-0175
LGNX,ESUE
LGNX,LGAV
LGNX,IM-0001
LGNX,BISH
LGNX,GR-0064
UKLC,LOGW
UKLC,DK-0050
UKLC,BG-0115
UKLC,EKSL
UKLC,UA-0120
UKLC,EYPR
UKLC,PT-0123
UKLC,IE-0069
UKLC,IM-0006
UKLC,EERA
UKLC,BIFZ
UKLC,BG-0119
UKLC,GR-0011
UKLC,GR-0028
UKLC,FR-0320
UKLC,EENA
UKLC,IE-0023
UKLC,BISN
UKLC,IM-0004
UKLC,SE-0032
UKLC,BIVA
EIGN,LOSM
EIGN,LFNG
EIGN,LPST
EIGN,EFMA
EIGN,FI-0004
EIGN,LOLC
EIGN,FR-0445
EIGN,EYSB
EIGN,LGLR
EIGN,EKLS
EIGN,LT-0019
EIGN,EEVU
EIGN,EKLV
EIGN,EISG
EIGN,EKSL
EIGN,LB13
EIGN,ESFA
EIGN,SE-0058
UA-0175,EFHL
UA-0175,EENA
UA-0175,LBHT
UA-0175,AT-0013
UA-0175,LGLR
UA-0175,EERU
UA-0175,EYPA
UA-0175,EEVU
UA-0175,UKFG
UA-0175,PT-0088
UA-0175,PT-0139
UA-0175,EE-0010
UA-0175,BG-0068
UA-0175,LOLG
UA-0175,LT-0021
UA-0175,IE-0007
UA-0175,LGNX
UA-0175,LOIJ
UA-0175,CZ-0122
UA-0175,LFRW
UA-0175,EFVT
UA-0175,LKJI
UA-0175,GR-0001
ESKK,LFIL
ESKK,IS-0001
ESKK,EIBR
ESKK,EE-0009
ESKK,EEEI
ESKK,UA-0093
ESKK,EKVL
ESKK,LFSV
ESKK,EFKI
ESKK,UA-0082
ESKK,LPMU
ESKK,PT-0114
ESKK,BIVH
ESKK,LBVR
ESKK,EKML
ESKK,LFNR
ESKK,BISH
ESKK,PT-0139
ESKK,CZ-0145
BIAE,EE-9278
BIAE,EE-0005
BIAE,LFRW
BIAE,BIDV
BIAE,EYAL
BIAE,EE-0001
BIAE,EEJI
BIAE,EEPU
BIAE,LOGW
BIAE,LBBQ
BIAE,LGLR
BIAE,EFEU
BIAE,EIAB
BIAE,LFSV
BIAE,EKML
BIAE,PT-0139
BIAE,EEHA
UA-0180,EEVU
UA-0180,IE-0052
UA-0180,EYPR
UA-0180,EKMB
UA-0180,EFPY
UA-0180,EFKH
UA-0180,BIRE
UA-0180,BISH
UA-0180,PT-0099
UA-0180,EYTL
UA-0180,EETI
UA-0180,IM-0001
UA-0180,EEHA
UA-0180,EEKE
LOAA,EYPA
LOAA,EYKR
LOAA,UKFG
LOAA,GR-0064
LOAA,UA-0008
LOAA,PT-0085
LOAA,GR-0028
LOAA,EE-9278
LOAA,EENI
LOAA,EEHA
LOAA,CZ-0073
LOAA,BG-0046
LOAA,EFHJ
LOAA,IE-0020
LOAA,EEVI
LOAA,UA-0047
LOAA,EYJB
LOAA,LGML
LOAA,EKNS
LOAA,GR-0011
LOAA,PT-0088
BISI,BG-0010
BISI,BG-0120
BISI,EYPA
BISI,EYVK
BISI,EICM
BISI,BITM
BISI,LGLR
BISI,UKFW
BISI,GR-0001
BISI,AT-0011
BISI,LFSV
BISI,BISP
BISI,EE-0010
BISI,LGAT
BISI,LT-0027
BISI,EFMA
BISI,CZ-0054
BISI,LGSA
BISI,EE-7685
EERU,IE-0020
EERU,EIBR
EERU,EFJY
EERU,UA-0175
EERU,IE-0069
EERU,LFLA
EERU,EFHJ
EERU,BIBV
EERU,EEVU
EERU,EYVK
EERU,EE-7685
EERU,LB13
EERU,LT-0027
EERU,LFLB
EERU,LOAT
EERU,SE-0063
BISH,LT-0009
BISH,EEKE
BISH,PT-0085
BISH,UKFG
BISH,UKFW
BISH,LOSM
BISH,PT-0037
BISH,UA-0180
BISH,CZ-0126
BISH,EE-7685
BISH,ESKK
BISH,IM-0004
BISH,EFLN
BISH,LGNX
BIBV,UKKG
BIBV,UKCM
BIBV,IE-0026
BIBV,LOGW
BIBV,EISG
BIBV,LKSU
BIBV,CZ-0192
BIBV,EERU
BIBV,SE-0032
BIBV,FR-0340
BIBV,EFTP
BIBV,LOLF
BIBV,LT-0015
BIBV,LFBM
ESND,GR-0052
ESND,LOGW
ESND,DE-0354
ESND,LFBM
ESND,LOIJ
ESND,ESQO
ESND,BITM
ESND,LFON
ESND,LT-0027
ESND,PT-0085
ESND,PT-0089
ESND,EETI
ESND,IM-0004
ESND,BG-0083
ESND,EYKA
ESND,BIBD
ESND,ESUE
ESND,UA-0014
LOAD,UKFG
LOAD,BG-0115
LOAD,LOIR
LOAD,ESFA
LOAD,FR-0445
LOAD,EKLS
LOAD,EICL
LOAD,EYPA
LOAD,LGSA
LOAD,IE-0023
LOAD,LKMK
LOAD,EYPR
LOAD,SE-0032
LOAD,EKMB
LOAD,BG-0017
LOAD,CZ-0073
LOAD,LFFP
LOAD,EYVI
LOAD,BG-0068
LOAD,EIBR
LOAD,EETI
LOAD,CZ-0054
LOAD,BG-0046
LOAD,PT-0089
LOAD,EKSL
LOAD,FR-0469
LOAD,LKJI
LOAD,EFPY
LOAD,BITE
LPST,LOLG
LPST,LT-0021
LPST,EIGN
LPST,PT-0114
LPST,LOGG
LPST,LT-0009
LPST,BITE
LPST,EENA
LPST,EFKI
LPST,GR-0052
LPST,EFMA
LPST,CZ-0057
LPST,EETN
LPST,ESFY
LPST,LGNX
LPST,UA-0047
LPST,SE-0021
LPST,BITM
LPST,FR-0445
LPST,ESGJ
LPST,LFFP
LPST,LKVP
LPST,LBHT
LPST,DK-0033
LPST,SE-0042
LPST,EIAB
LPST,PT-0139
LPST,LGRD
LPST,EEJI
UA-0047,EIBR
UA-0047,GR-0052
UA-0047,EYSB
UA-0047,EKCH
UA-0047,DK-0050
UA-0047,EETI
UA-0047,LPST
UA-0047,FI-0004
UA-0047,BG-0115
UA-0047,SE-0021
UA-0047,BG-0046
UA-0047,IE-0001
UA-0047,IS-0003
UA-0047,LKMB
UA-0047,LOAA
UA-0047,EYPR
UA-0047,IE-0035
UA-0047,EFEU
UA-0047,BG-0031
UA-0047,IE-0037
UA-0047,BITE
UA-0047,SE-0006
UA-0047,CZ-0073
UA-0047,FI-0012
UA-0047,SE-0074
EKNS,IE-0001
EKNS,LT-0009
EKNS,BIRE
EKNS,LT-0014
EKNS,FR-0340
EKNS,LG55
EKNS,EENA
EKNS,EEEI
EKNS,EYPA
EKNS,BISN
EKNS,LGST
EKNS,LFLB
EKNS,DK-0050
EKNS,LOIJ
EKNS,BITM
EKNS,LOAA
EKNS,FI-0002
EKNS,EKHM
EKNS,IS-0001
EYJB,EGNS
EYJB,EFPY
EYJB,SE-0058
EYJB,IE-0052
EYJB,X-VIE
EYJB,LOLC
EYJB,EKLS
EYJB,LT-0003
EYJB,LFLA
EYJB,LOAA
EYJB,LFNG
EYJB,EYKR
EYJB,LPFL
EYJB,GR-0019
EYJB,LT-0015
LGAT,BG-0016
LGAT,LPMT
LGAT,EE-7685
LGAT,LFLB
LGAT,LOGG
LGAT,CZ-0145
LGAT,IE-0034
LGAT,EYAL
LGAT,PT-0020
LGAT,LG55
LGAT,EE-0007
LGAT,EGNS
LGAT,BISI
LGAT,LGST
LGAT,PT-0123
LGAT,LFBM
LGAT,IE-0052
LGRD,EYLN
LGRD,EKMB
LGRD,EE-9278
LGRD,GR-0064
LGRD,EFKH
LGRD,CZ-0126
LGRD,EKVL
LGRD,LGIO
LGRD,BISN
LGRD,LOSM
LGRD,CZ-0192
LGRD,IM-0003
LGRD,GR-0013
LGRD,EFAA
LGRD,LPST
LGRD,UKFW
LGRD,LOLF
LGAV,DK-0021
LGAV,EE-7685
LGAV,EYPR
LGAV,PT-0037
LGAV,ESMN
LGAV,EIAB
LGAV,CZ-0073
LGAV,EE-0010
LGAV,GR-0056
LGAV,SE-0058
LGAV,PT-0139
LGAV,PT-0144
LGAV,LPFL
LGAV,LBVR
LGAV,UKKG
LGAV,PT-0085
LGAV,LOLT
LGAV,LGSA
LGAV,BISN
LGAV,IE-0052
LGAV,LGNX
LGAV,UA-0008
LGAV,EIBR
LGAV,LKVP
LGAV,LPMA
LOAT,PT-0144
LOAT,EKHM
LOAT,CZ-0126
LOAT,EKGL
LOAT,BG-0068
LOAT,IM-0004
LOAT,PT-0099
LOAT,BG-0017
LOAT,EYPR
LOAT,LKSU
LOAT,IM-0002
LOAT,LFRN
LOAT,PT-0085
LOAT,BIVA
LOAT,BIDV
LOAT,LFIL
LOAT,PT-0114
LOAT,LFON
LOAT,BIOF
LOAT,EE-0010
LOAT,EERU
LOAT,EYSB
LOAT,EEVI
LOAT,IE-0026
LOAT,UA-0093
BIBD,FI-0004
BIBD,ESMN
BIBD,UA-0071
BIBD,LOGW
BIBD,BG-0031
BIBD,LFLA
BIBD,FI-0012
BIBD,PT-0144
BIBD,IE-0069
BIBD,BG-0046
BIBD,UKCM
BIBD,PT-0020
BIBD,LT-0019
BIBD,EFIK
BIBD,EIAB
BIBD,ESND
BIBD,LFRW
BIBD,UA-0017
BIBD,PT-0118
BIBD,BIVH
BIBD,UKKH
DE-0354,LBBQ
DE-0354,FR-0469
DE-0354,BIOF
DE-0354,LFYT
DE-0354,EINC
DE-0354,LT-0021
DE-0354,BG-0046
DE-0354,GR-0013
DE-0354,UA-0017
DE-0354,BG-0025
DE-0354,IE-0024
DE-0354,CZ-0185
DE-0354,ESND
DE-0354,PT-0088
DE-0354,GR-0052
DE-0354,BITE
DE-0354,BITM
DE-0354,EKCH
DE-0354,GR-0056
DE-0354,BISN
DE-0354,UKKG
DE-0354,LFBM
DE-0354,LBBO
DE-0354,LFIL
DE-0354,EE-0005
DE-0354,BG-0068
DE-0354,EKHM
DE-0354,LOLT
DE-0354,SE-0042
DE-0354,FR-0445
FI-0004,PT-0147
FI-0004,BIBD
FI-0004,LGNX
FI-0004,FR-0512
FI-0004,EIGN
FI-0004,IM-0002
FI-0004,EFMA
FI-0004,UA-0080
FI-0004,UA-0047
FI-0004,LFNG
FI-0004,LBBO
FI-0004,LT-0021
FI-0004,EFKH
FI-0004,PT-0144
FI-0004,EFNS
FI-0004,IE-0020
FI-0004,EE-7685
FI-0004,LT-0011
FI-0004,LOIR
FI-0004,GR-0001
FI-0004,IE-0026
FI-0004,EKHM
FI-0002,UA-0120
FI-0002,IE-0034
FI-0002,LKSU
FI-0002,EYLN
FI-0002,IE-0069
FI-0002,BG-0031
FI-0002,EEPU
FI-0002,BG-0020
FI-0002,BIFZ
FI-0002,FR-0469
FI-0002,LB11
FI-0002,EYAL
FI-0002,EKNS
LKJI,BG-0025
LKJI,PT-0099
LKJI,PT-0029
LKJI,EEHA
LKJI,BG-0017
LKJI,UKFG
LKJI,CZ-0185
LKJI,DK-0050
LKJI,GR-0013
LKJI,CZ-0158
LKJI,BIOF
LKJI,LPMA
LKJI,BG-0120
LKJI,SE-0060
LKJI,EE-0010
LKJI,LBBQ
LKJI,LBBO
LKJI,UA-0082
LKJI,LOAD
LKJI,GR-0019
LKJI,EKLV
LKJI,UA-0175
LKJI,LPMT
LKJI,EYKA
LKJI,SE-0042
EKML,LFLA
EKML,BIHU
EKML,IE-0007
EKML,PT-0089
EKML,EICM
EKML,ESFJ
EKML,PT-0114
EKML,DK-0005
EKML,EKLV
EKML,PT-0099
EKML,EIWT
EKML,ESKK
EKML,BIAE
EKML,EKHS
EKML,PT-0085
EKML,PT-0147
BITE,DK-0047
BITE,EE-0010
BITE,UA-0014
BITE,LPST
BITE,BIVH
BITE,BIDV
BITE,DE-0354
BITE,BG-0083
BITE,EFPU
BITE,BG-0020
BITE,UA-0047
BITE,LFLB
BITE,LOAD
LKHV,SE-0044
LKHV,LFDT
LKHV,EFAA
LKHV,EKLV
LKHV,EE-0009
LKHV,BG-0016
LKHV,BG-0020
LKHV,LOLG
LKHV,BG-0115
LKHV,LFRW
LKHV,BG-0010
LKHV,LGML
LKHV,PT-0147
LKHV,GR-0011
LKHV,PT-0144
EERA,EYVK
EERA,SE-0074
EERA,LT-0014
EERA,LOLC
EERA,ESSP
EERA,LOIA
EERA,LPMT
EERA,LG55
EERA,GR-0056
EERA,FR-0344
EERA,UKLC
EERA,LOGW
EERA,LPFL
EERA,BG-0068
EERA,LT-0003
EERA,IS-0001
EERA,BIRE
ESMN,BIBD
ESMN,LFIL
ESMN,LGAV
ESMN,EEVI
ESMN,BIHI
ESMN,GR-0052
ESMN,EFTP
ESMN,FR-0445
ESMN,FR-0512
ESMN,GR-0005
ESMN,LBVR
ESMN,EFKI
PT-0089,EENA
PT-0089,IE-0001
PT-0089,EKSL
PT-0089,IE-0052
PT-0089,EKML
PT-0089,BIRE
PT-0089,LT-0011
PT-0089,LFNR
PT-0089,EE-0007
PT-0089,ESND
PT-0089,FI-0012
PT-0089,LT-0014
PT-0089,AT-0002
PT-0089,ESUE
PT-0089,LOAD
PT-0089,EEHA
PT-0089,BG-0120
PT-0089,EINC
PT-0089,LGML
PT-0089,FR-0469
PT-0088,EENI
PT-0088,IS-0003
PT-0088,LBBO
PT-0088,EFKH
PT-0088,SE-0006
PT-0088,EKGL
PT-0088,PT-0147
PT-0088,CZ-0054
PT-0088,DE-0354
PT-0088,SE-0058
PT-0088,LFRW
PT-0088,EFPY
PT-0088,GR-0064
PT-0088,LOLT
PT-0088,UA-0175
PT-0088,PT-0061
PT-0088,EISG
PT-0088,LPMT
PT-0088,LKMK
PT-0088,SE-0063
PT-0088,DK-0021
PT-0088,GR-0005
PT-0088,LFIX
PT-0088,CZ-0079
PT-0088,LOAA
LFON,UA-0093
LFON,EFSO
LFON,EKMB
LFON,GR-0052
LFON,BITM
LFON,DK-0014
LFON,IE-0023
LFON,IM-0006
LFON,ESND
LFON,EEJI
LFON,GR-0064
LFON,AT-0013
LFON,LOWG
LFON,IE-0007
LFON,IE-0034
LFON,LT-0015
LFON,BIFZ
LFON,ESGJ
LFON,BG-0115
LFON,LOAT
LFON,LT-0009
LFON,LOGG
LFON,CZ-0158
LFON,UA-0008
BISP,UA-0017
BISP,FR-0445
BISP,EFNS
BISP,X-VIE
BISP,IS-0001
BISP,ESFA
BISP,BG-0020
BISP,LBVR
BISP,BG-0025
BISP,EENA
BISP,UKBB
BISP,BISI
BISP,EYVI
BISP,DK-0047
BISP,LPFL
BISP,IM-0003
BISP,EINC
BISP,SE-0074
BISP,GR-0001
PT-0085,LGIO
PT-0085,BIVH
PT-0085,BISH
PT-0085,EFIK
PT-0085,DK-0047
PT-0085,LOAA
PT-0085,EEKE
PT-0085,AT-0011
PT-0085,EE-0005
PT-0085,LT-0011
PT-0085,LPFL
PT-0085,EFTP
PT-0085,BIHI
PT-0085,ESND
PT-0085,LOAT
PT-0085,LGAV
PT-0085,BIFZ
PT-0085,CZ-0192
PT-0085,EKML
PT-0085,LFRN
PT-0085,EEPU
PT-0085,ESSP
PT-0085,FI-0012
PT-0085,FR-0445
PT-0085,GR-0001
EFTP,FR-0469
EFTP,EISG
EFTP,PT-0099
EFTP,UKKH
EFTP,LGLR
EFTP,EFMA
EFTP,PT-0085
EFTP,EFKI
EFTP,PT-0139
EFTP,LG55
EFTP,BIBV
EFTP,GR-0013
EFTP,ESMN
EFTP,SE-0044
EFTP,BIDV
EFTP,CZ-0057
EFTP,IE-0052
FI-0012,EE-0010
FI-0012,BG-0020
FI-0012,UA-0014
FI-0012,LFRW
FI-0012,BIBD
FI-0012,IE-0069
FI-0012,BITM
FI-0012,UKKH
FI-0012,EFVT
FI-0012,PT-0089
FI-0012,ESFA
FI-0012,BG-0119
FI-0012,CZ-0054
FI-0012,LOWK
FI-0012,PT-0085
FI-0012,UA-0047
FI-0012,LPFL
FI-0012,BG-0117
BISN,EE-0005
BISN,SE-0043
BISN,IE-0052
BISN,EYLN
BISN,EEKE
BISN,EEPU
BISN,ESFY
BISN,UA-0017
BISN,LT-0015
BISN,SE-0058
BISN,EKNS
BISN,DE-0354
BISN,LGRD
BISN,EFMA
BISN,LFIX
BISN,EE-9278
BISN,EEJI
BISN,LGAV
BISN,EFPU
BISN,UKLC
BISN,EISG
BISN,PT-0061
BISN,IE-0020
AT-0002,LGPA
AT-0002,SE-0058
AT-0002,EYLN
AT-0002,UKBB
AT-0002,EFPU
AT-0002,GR-0028
AT-0002,LT-0027
AT-0002,BIRE
AT-0002,IE-0023
AT-0002,PT-0089
AT-0002,EYAL
AT-0002,IM-0004
AT-0002,BG-0117
AT-0002,EFKI
AT-0002,BG-0115
LT-0011,EKCH
LT-0011,ESUE
LT-0011,DK-0033
LT-0011,LFNR
LT-0011,EKLS
LT-0011,IS-0003
LT-0011,PT-0118
LT-0011,LOIR
LT-0011,PT-0089
LT-0011,LT-0019
LT-0011,BG-0025
LT-0011,PT-0085
LT-0011,IE-0001
LT-0011,PT-0139
LT-0011,AT-0011
LT-0011,EYKR
LT-0011,LOGG
LT-0011,UA-0080
LT-0011,DK-0050
LT-0011,PT-0029
LT-0011,FI-0004
LT-0011,CZ-0185
LT-0011,LPMT
LT-0011,BG-0016
BIDV,UA-0008
BIDV,UKFW
BIDV,BIAE
BIDV,CZ-0192
BIDV,BITE
BIDV,BG-0031
BIDV,EFNS
BIDV,LOWK
BIDV,LOAT
BIDV,BIVH
BIDV,FR-0340
BIDV,EFTP
BIDV,BIVA
BIDV,LFBM
LT-0015,LPMT
LT-0015,BG-0119
LT-0015,EKHG
LT-0015,IE-0007
LT-0015,LFDT
LT-0015,BISN
LT-0015,EETI
LT-0015,EISG
LT-0015,SE-0032
LT-0015,PT-0147
LT-0015,LFON
LT-0015,LFRN
LT-0015,LOWG
LT-0015,BIBV
LT-0015,EYJB
LT-0014,EEPU
LT-0014,PT-0123
LT-0014,EKMB
LT-0014,EKNS
LT-0014,LGLR
LT-0014,BG-0046
LT-0014,UA-0008
LT-0014,EERA
LT-0014,EE-0007
LT-0014,GR-0005
LT-0014,EENA
LT-0014,GR-0011
LT-0014,CZ-0054
LT-0014,BG-0020
LT-0014,PT-0089
LT-0014,ESFY
LT-0014,UA-0014
LT-0014,LGSA
LT-0014,X-VIE
LT-0014,LGPA
LT-0014,EKCH
LT-0014,EFMA
LT-0019,EEHA
LT-0019,UKBB
LT-0019,LPMT
LT-0019,LOIR
LT-0019,LT-0011
LT-0019,EYSB
LT-0019,BG-0025
LT-0019,EFKI
LT-0019,EIGN
LT-0019,DK-0047
LT-0019,EFEU
LT-0019,DK-0014
LT-0019,BIBD
LT-0019,IE-0001
LT-0019,EEPU
LT-0019,BIVH
LT-0019,EKMB
LT-0019,LGPA
LT-0019,LKVP
LT-0019,EETN
LFRN,EKLS
LFRN,LFNR
LFRN,CZ-0185
LFRN,ESSP
LFRN,EEVI
LFRN,PT-0139
LFRN,CZ-0145
LFRN,LOAT
LFRN,BITM
LFRN,EFHL
LFRN,EFIK
LFRN,BG-0120
LFRN,LPMA
LFRN,PT-0085
LFRN,LT-0015
LFRN,LB11
LFRN,EYPR
EYLN,CZ-0079
EYLN,LGRD
EYLN,FI-0002
EYLN,EFHL
EYLN,BISN
EYLN,UA-0017
EYLN,BG-0083
EYLN,AT-0002
EYLN,EETN
EYLN,EGNS
EYLN,CZ-0122
EYLN,FR-0340
EYLN,BG-0016
EYLN,BG-0068
EYLN,CZ-0153
EYLN,SE-0058
EYLN,IE-0035
EYLN,LFLB
EYLN,ESSP
EYLN,EENA
EYLN,BG-0010
EYLN,EISG
EYLN,EFIK
EYLN,LFSV
EYLN,DK-0047
EYLN,EKVL
EYLN,LFIL
EYLN,SE-0060
LFRW,IS-0003
LFRW,EFJY
LFRW,EFEU
LFRW,EFIK
LFRW,BIAE
LFRW,FI-0012
LFRW,BIGJ
LFRW,LFLA
LFRW,PT-0088
LFRW,CZ-0145
LFRW,EE-9278
LFRW,LFBM
LFRW,EFPY
LFRW,EFKH
LFRW,LGIO
LFRW,BG-0083
LFRW,EKLS
LFRW,EEHA
LFRW,LKHV
LFRW,EYAL
LFRW,UA-0093
LFRW,UA-0175
LFRW,BIBD
LFRW,CZ-0122
LFRW,LT-0027
IS-0001,ESKK
IS-0001,LFBM
IS-0001,BISP
IS-0001,ESFA
IS-0001,EEHA
IS-0001,LKVP
IS-0001,EYSB
IS-0001,EERA
IS-0001,GR-0028
IS-0001,LKMB
IS-0001,FR-0320
IS-0001,SE-0074
IS-0001,EKHG
IS-0001,UKKH
IS-0001,IE-0023
IS-0001,EFPY
IS-0001,PT-0099
IS-0001,LGLR
IS-0001,EKNS
IS-0001,IM-0002
PT-0050,AT-0013
PT-0050,EFMA
PT-0050,EETN
PT-0050,LKMB
PT-0050,EENA
PT-0050,LB11
PT-0050,DK-0014
PT-0050,CZ-0073
PT-0050,CZ-0145
PT-0050,SE-0044
PT-0050,ESSP
PT-0050,LOGW
PT-0050,LGLR
PT-0050,UA-0082
PT-0050,EYKR
PT-0050,DK-0013
IS-0003,PT-0088
IS-0003,LFRW
IS-0003,FR-0512
IS-0003,LT-0011
IS-0003,FR-0340
IS-0003,PT-0144
IS-0003,DK-0014
IS-0003,UA-0047
IS-0003,UA-0093
IS-0003,LGST
IS-0003,FR-0320
IS-0003,LKMB
IS-0003,LOIJ
BITM,EE-0007
BITM,SE-0042
BITM,LFDT
BITM,EKVL
BITM,LFON
BITM,FI-0012
BITM,ESND
BITM,BISI
BITM,DE-0354
BITM,PT-0147
BITM,UA-0017
BITM,LFRN
BITM,LPST
BITM,BG-0042
BITM,EFHL
BITM,LOLC
BITM,CZ-0192
BITM,EE-7685
BITM,EKNS
AT-0013,LOWG
AT-0013,PT-0050
AT-0013,UA-0175
AT-0013,EFPY
AT-0013,LFDT
AT-0013,ESFY
AT-0013,GR-0064
AT-0013,LGIO
AT-0013,BIRE
AT-0013,LBVR
AT-0013,LFON
AT-0013,IM-0004
AT-0013,ESFA
AT-0013,LOGG
AT-0013,SE-0021
AT-0013,EFVT
AT-0013,EENI
AT-0013,LBHT
AT-0013,LT-0009
AT-0013,LKMK
AT-0013,EETI
AT-0013,PT-0139
LBHT,LB11
LBHT,UA-0014
LBHT,UA-0175
LBHT,BG-0010
LBHT,EKLS
LBHT,EEEI
LBHT,EFAA
LBHT,LKSU
LBHT,ESSP
LBHT,LT-0021
LBHT,LPST
LBHT,AT-0013
LBHT,EFHL
LBHT,EFKH
IE-0069,DK-0001
IE-0069,LGPA
IE-0069,EFPU
IE-0069,UKKH
IE-0069,IM-0006
IE-0069,LFBM
IE-0069,FI-0002
IE-0069,EKVL
IE-0069,FI-0012
IE-0069,UKLC
IE-0069,EERU
IE-0069,BIHI
IE-0069,PT-0118
IE-0069,LPFL
IE-0069,BIBD
IE-0069,BIRE
IE-0069,UA-0128
IE-0069,FR-0469
IE-0069,UKBB
IE-0069,EE-0009
IE-0069,GR-0052
IE-0069,LKMB
IE-0069,LOLF
IE-0069,IE-0024
IE-0069,PT-0037
IE-0069,SE-0060
EIKK,CZ-0126
EIKK,EYVI
EIKK,BG-0010
EIKK,EIBR
EIKK,ESSP
EIKK,EFKH
EIKK,EE-0007
EIKK,EYKR
EIKK,UA-0120
EIKK,EYSB
EIKK,LOGG
EIKK,BG-0017
EIKK,AT-0011
EIKK,EEEI
EIKK,BG-0120
EIKK,ESGJ
EIKK,EFIK
EIKK,UA-0128
EIKK,LFNR
EIKK,BG-0031
EIKK,LGIO
EIKK,LBBO
EIKK,EIWT
EIKK,UA-0080
LT-0021,LPST
LT-0021,BG-0042
LT-0021,EFPY
LT-0021,DE-0354
LT-0021,EIWT
LT-0021,X-VIE
LT-0021,EYTL
LT-0021,CZ-0153
LT-0021,EIBR
LT-0021,EE-7685
LT-0021,SE-0044
LT-0021,LFLA
LT-0021,EKCH
LT-0021,FI-0004
LT-0021,UA-0175
LT-0021,LKCM
LT-0021,IM-0006
LT-0021,LBHT
LT-0021,LOIR
LT-0021,BG-0117
LT-0021,EFNS
LT-0021,EKGL
LT-0021,CZ-0192
LT-0021,IM-0003
AT-0011,LOIJ
AT-0011,EFHL
AT-0011,EYTL
AT-0011,EYKS
AT-0011,UA-0120
AT-0011,PT-0085
AT-0011,LT-0011
AT-0011,EGNS
AT-0011,LFFP
AT-0011,BISI
AT-0011,SE-0043
AT-0011,EIKK
AT-0011,EICL
AT-0011,IE-0007
AT-0011,EYVI
AT-0011,IE-0020
AT-0011,BG-0120
BIVH,PT-0085
BIVH,SE-0006
BIVH,EEVU
BIVH,EEVI
BIVH,FR-0469
BIVH,GR-0052
BIVH,EE-9278
BIVH,BITE
BIVH,EINC
BIVH,LOIA
BIVH,ESKK
BIVH,LGLR
BIVH,LT-0019
BIVH,BIDV
BIVH,UA-0071
BIVH,EYSB
BIVH,PT-0118
BIVH,UA-0120
BIVH,BIBD
UA-0014,LBHT
UA-0014,LG55
UA-0014,PT-0144
UA-0014,PT-0118
UA-0014,FI-0012
UA-0014,BITE
UA-0014,IE-0020
UA-0014,EFHL
UA-0014,EYKR
UA-0014,UKKG
UA-0014,LGPA
UA-0014,PT-0099
UA-0014,LT-0014
UA-0014,EICL
UA-0014,BIGJ
UA-0014,LPMU
UA-0014,PT-0114
UA-0014,ESND
UA-0014,LFNR
UA-0014,EE-0007
LGSA,BIGJ
LGSA,IE-0007
LGSA,EFHL
LGSA,LOLG
LGSA,EFJY
LGSA,EFKK
LGSA,LOAD
LGSA,EENA
LGSA,SE-0043
LGSA,LT-0014
LGSA,CZ-0122
LGSA,LKSU
LGSA,LGML
LGSA,LGAV
LGSA,LKHD
LGSA,EYKA
LGSA,BISI
LGSA,BG-0117
LGSA,CZ-0185
LGSA,DK-0005
EYKA,EFEU
EYKA,LFYT
EYKA,ESSP
EYKA,ESUE
EYKA,LFFP
EYKA,ESFY
EYKA,IE-0026
EYKA,IE-0007
EYKA,LOWG
EYKA,LGST
EYKA,SE-0006
EYKA,LT-0003
EYKA,SE-0044
EYKA,PT-0147
EYKA,EGNS
EYKA,ESGJ
EYKA,EE-0010
EYKA,ESND
EYKA,BG-0083
EYKA,PT-0029
EYKA,EYVI
EYKA,LGSA
EYKA,EFKI
EYKA,LGIO
EYKA,CZ-0122
EYKA,LKJI
UA-0017,LPMU
UA-0017,BISP
UA-0017,BG-0025
UA-0017,DE-0354
UA-0017,EYLN
UA-0017,LOLT
UA-0017,BG-0119
UA-0017,BISN
UA-0017,GR-0064
UA-0017,DK-0047
UA-0017,BITM
UA-0017,DK-0005
UA-0017,EKLS
UA-0017,EFNS
UA-0017,LFNR
UA-0017,BIBD
UA-0017,EENA
LT-0027,LFBM
LT-0027,PT-0144
LT-0027,GR-0013
LT-0027,LG55
LT-0027,ESND
LT-0027,CZ-0079
LT-0027,PT-0029
LT-0027,DK-0001
LT-0027,AT-0002
LT-0027,LKMK
LT-0027,BISI
LT-0027,EERU
LT-0027,LFRW
BIVA,IE-0052
BIVA,PT-0114
BIVA,DK-0021
BIVA,LT-0009
BIVA,SE-0058
BIVA,LOAT
BIVA,CZ-0185
BIVA,EICL
BIVA,CZ-0145
BIVA,LFFP
BIVA,EFPU
BIVA,EENA
BIVA,LOLG
BIVA,SE-0044
BIVA,BIDV
BIVA,LPMU
BIVA,CZ-0057
BIVA,UKLC
BIVA,EYVK
EFEU,IE-0024
EFEU,EYKA
EFEU,LFRW
EFEU,CZ-0054
EFEU,DK-0001
EFEU,GR-0013
EFEU,EFLN
EFEU,UKGW
EFEU,PT-0144
EFEU,GR-0028
EFEU,LFIX
EFEU,BIAE
EFEU,BG-0031
EFEU,LT-0019
EFEU,LGLR
EFEU,UA-0047
EFEU,LGNX
EFEU,EISG
EFEU,LBBQ
EFEU,CZ-0057
EFEU,UA-0120
EFEU,EICL
EFEU,EEEI
EFEU,IE-0001
EETI,PT-0118
EETI,IE-0020
EETI,UA-0047
EETI,DK-0047
EETI,IE-0037
EETI,UA-0082
EETI,CZ-0126
EETI,LKMB
EETI,EYVI
EETI,LT-0015
EETI,UA-0180
EETI,BG-0117
EETI,ESND
EETI,GR-0011
EETI,LOAD
EETI,AT-0013
EETI,ESFJ
EETI,EFJY
EETI,FR-0445
EETI,SE-0032
EETN,DK-0033
EETN,DK-0013
EETN,EYVI
EETN,PT-0050
EETN,IE-0024
EETN,LB13
EETN,EYLN
EETN,LPST
EETN,LOIA
EETN,BIHI
EETN,UKGW
EETN,PT-0037
EETN,ESFA
EETN,LT-0019
EYKR,LOAA
EYKR,LOIJ
EYKR,LFSV
EYKR,EYVI
EYKR,EIKK
EYKR,UA-0014
EYKR,BG-0117
EYKR,LB13
EYKR,LT-0011
EYKR,LPMU
EYKR,GR-0013
EYKR,CZ-0158
EYKR,LKHD
EYKR,PT-0139
EYKR,DK-0047
EYKR,EE-0001
EYKR,BG-0120
EYKR,EYJB
EYKR,IM-0001
EYKR,EFIK
EYKR,UA-0008
EYKR,SE-0032
EYKR,IM-0002
EYKR,EICM
EYKR,PT-0050
EYKR,PT-0099
EYKR,PT-0123
EYKS,GR-0019
EYKS,DK-0047
EYKS,AT-0011
EYKS,LFIX
EYKS,EEVI
EYKS,EFIK
EYKS,UKCM
EYKS,LOLT
EYKS,IM-0006
LOSM,FR-0344
LOSM,EIGN
LOSM,FR-0512
LOSM,EFVT
LOSM,BISH
LOSM,LFBM
LOSM,LFNG
LOSM,BG-0068
LOSM,DK-0014
LOSM,LGLR
LOSM,EYVK
LOSM,LGRD
LOSM,BG-0010
LOSM,FR-0469
LOSM,CZ-0145
LOSM,EKVL
LOSM,EFKK
LOSM,EYTL
LOSM,EFPY
LOSM,PT-0144
LOSM,IM-0003
PT-0061,SE-0032
PT-0061,DK-0021
PT-0061,GR-0028
PT-0061,BIHI
PT-0061,BG-0046
PT-0061,EKMB
PT-0061,IE-0026
PT-0061,LOLF
PT-0061,EYPA
PT-0061,LKCM
PT-0061,FR-0340
PT-0061,PT-0088
PT-0061,LFLB
PT-0061,SE-0043
PT-0061,LOGW
PT-0061,CZ-0073
PT-0061,BISN
EFVT,UA-0080
EFVT,LOIA
EFVT,LOSM
EFVT,LFIX
EFVT,ESUE
EFVT,BG-0083
EFVT,BG-0020
EFVT,UKGW
EFVT,FI-0012
EFVT,BG-0042
EFVT,DK-0050
EFVT,AT-0013
EFVT,UA-0175
EFVT,EKHG
LGST,LOLC
LGST,CZ-0057
LGST,DK-0014
LGST,UKCM
LGST,EFIK
LGST,FR-0445
LGST,BG-0042
LGST,GR-0005
LGST,EYKA
LGST,PT-0123
LGST,ESFA
LGST,IS-0003
LGST,IE-0024
LGST,CZ-0122
LGST,LGAT
LGST,EKNS
LGST,ESFY
LGST,EKMB
LGST,EIWT
LGST,EEHA
LGST,UKFW
EFHJ,CZ-0073
EFHJ,ESFJ
EFHJ,CZ-0153
EFHJ,ESGJ
EFHJ,LOLC
EFHJ,ESSP
EFHJ,BG-0042
EFHJ,EERU
EFHJ,BIFZ
EFHJ,CZ-0158
EFHJ,LOAA
EFHJ,PT-0037
EFHJ,ESFY
EFHJ,EIAB
EFHJ,IE-0034
EFHJ,GR-0056
BIFZ,GR-0001
BIFZ,ESGJ
BIFZ,GR-0011
BIFZ,BG-0042
BIFZ,GR-0013
BIFZ,LKVP
BIFZ,EFHJ
BIFZ,FI-0002
BIFZ,UKLC
BIFZ,LFON
BIFZ,PT-0085
BIFZ,UA-0071
BIFZ,IM-0003
BIFZ,BG-0117
BIFZ,BG-0115
BIFZ,IM-0004
UA-0008,EIWT
UA-0008,BIDV
UA-0008,LT-0014
UA-0008,LFBM
UA-0008,LOAA
UA-0008,LT-0003
UA-0008,EGNS
UA-0008,EFJY
UA-0008,EYPR
UA-0008,PT-0114
UA-0008,SE-0043
UA-0008,EICM
UA-0008,IE-0052
UA-0008,BIGJ
UA-0008,SE-0074
UA-0008,ESFY
UA-0008,EIAB
UA-0008,UKBB
UA-0008,IE-0024
UA-0008,UKKH
UA-0008,LGAV
UA-0008,UA-0071
UA-0008,EYKR
UA-0008,PT-0144
UA-0008,LFON
EFHL,AT-0011
EFHL,UA-0175
EFHL,BG-0020
EFHL,SE-0021
EFHL,UA-0080
EFHL,LGSA
EFHL,EYLN
EFHL,EE-0010
EFHL,LKMB
EFHL,EGNS
EFHL,UA-0014
EFHL,LPMU
EFHL,EISG
EFHL,LOGW
EFHL,EYPR
EFHL,EE-0007
EFHL,LFRN
EFHL,DK-0013
EFHL,DK-0047
EFHL,LOLT
EFHL,BITM
EFHL,EE-0009
EFHL,IE-0035
EFHL,EYTL
EFHL,EFAA
EFHL,LBHT
EFHL,LOWK
EFHL,UA-0128
UA-0128,BG-0119
UA-0128,EFLN
UA-0128,IE-0020
UA-0128,CZ-0185
UA-0128,BIHU
UA-0128,LBBO
UA-0128,BG-0120
UA-0128,EYPR
UA-0128,LOLT
UA-0128,LFLA
UA-0128,IE-0069
UA-0128,UKKG
UA-0128,EFSO
UA-0128,PT-0020
UA-0128,EIKK
UA-0128,LT-0003
UA-0128,ESFA
UA-0128,EFHL
EE-0007,EEEI
EE-0007,BITM
EE-0007,IE-0052
EE-0007,EIKK
EE-0007,UKBB
EE-0007,LT-0014
EE-0007,PT-0089
EE-0007,EYVI
EE-0007,IE-0020
EE-0007,UKGW
EE-0007,EEVU
EE-0007,FR-0344
EE-0007,EFPU
EE-0007,EFJY
EE-0007,LGAT
EE-0007,EFHL
EE-0007,LGML
EE-0007,CZ-0122
EE-0007,EKHG
EE-0007,EIAB
EE-0007,EENA
EE-0007,EYPR
EE-0007,BG-0115
EE-0007,UA-0014
EE-7685,LGAV
EE-7685,BG-0046
EE-7685,LGAT
EE-7685,GR-0052
EE-7685,LFYT
EE-7685,LT-0021
EE-7685,IE-0007
EE-7685,EICM
EE-7685,PT-0020
EE-7685,BG-0120
EE-7685,LOWG
EE-7685,EERU
EE-7685,BISH
EE-7685,LOGW
EE-7685,BITM
EE-7685,FI-0004
EE-7685,SE-0063
EE-7685,LFNG
EE-7685,EKLS
EE-7685,DK-0001
EE-7685,BIHU
EE-7685,BISI
EE-7685,SE-0006
EE-7685,ESFY
EE-7685,CZ-0122
EE-0009,PT-0099
EE-0009,SE-0060
EE-0009,ESGJ
EE-0009,EEKE
EE-0009,PT-0029
EE-0009,ESKK
EE-0009,LKHV
EE-0009,FR-0344
EE-0009,EICM
EE-0009,ESSP
EE-0009,EEPU
EE-0009,PT-0147
EE-0009,EINC
EE-0009,PT-0114
EE-0009,EFHL
EE-0009,IE-0069
EE-0009,DK-0033
EE-0009,LPFL
EE-0009,BIOF
EE-0009,IE-0024
UA-0120,EFPU
UA-0120,FI-0002
UA-0120,EE-9278
UA-0120,EINC
UA-0120,BIHU
UA-0120,GR-0013
UA-0120,EFPY
UA-0120,AT-0011
UA-0120,UKLC
UA-0120,SE-0006
UA-0120,EFJY
UA-0120,EIKK
UA-0120,SE-0060
UA-0120,LG55
UA-0120,CZ-0185
UA-0120,BG-0119
UA-0120,EFEU
UA-0120,EICL
UA-0120,LGLR
UA-0120,BIVH
UA-0120,EYAL
EE-0005,BIAE
EE-0005,BISN
EE-0005,FR-0469
EE-0005,PT-0029
EE-0005,EE-0001
EE-0005,LG55
EE-0005,BG-0119
EE-0005,EEKE
EE-0005,BG-0115
EE-0005,PT-0085
EE-0005,EFKH
EE-0005,EKCH
EE-0005,IE-0024
EE-0005,LOLC
EE-0005,DE-0354
EE-0005,LFDT
EE-0005,LKMB
FR-0340,LOIR
FR-0340,CZ-0079
FR-0340,EFSO
FR-0340,EKNS
FR-0340,EYLN
FR-0340,EEVI
FR-0340,IE-0020
FR-0340,IS-0003
FR-0340,BG-0046
FR-0340,BG-0042
FR-0340,PT-0061
FR-0340,LOWK
FR-0340,BIBV
FR-0340,EFJY
FR-0340,GR-0019
FR-0340,LBVR
FR-0340,BG-0115
FR-0340,EISG
FR-0340,BIDV
FR-0340,ESGJ
FR-0340,EFLN
FR-0340,EYVK
FR-0340,EEKE
FR-0340,LOLF
EE-0001,BG-0031
EE-0001,LKVP
EE-0001,LOGW
EE-0001,EFLN
EE-0001,BG-0046
EE-0001,EYVI
EE-0001,EE-0005
EE-0001,BG-0083
EE-0001,EFPY
EE-0001,BIAE
EE-0001,LOLT
EE-0001,ESGJ
EE-0001,LT-0009
EE-0001,FR-0320
EE-0001,CZ-0145
EE-0001,IM-0004
EE-0001,DK-0021
EE-0001,EYKR
EE-0001,EKHG
EE-0001,LKCM
EE-0001,DK-0014
EE-0001,SE-0060
FR-0344,IM-0002
FR-0344,LOSM
FR-0344,UKFW
FR-0344,CZ-0185
FR-0344,PT-0139
FR-0344,FR-0320
FR-0344,LPMT
FR-0344,EE-0009
FR-0344,EE-0007
FR-0344,EERA
FR-0344,ESFA
FR-0344,LFIX
FR-0344,SE-0063
FR-0344,BIOF
FR-0344,LGIO
FR-0344,LB11
FR-0344,UKFG
FR-0344,BIHU
FR-0344,SE-0042
FR-0344,LPMU
PT-0037,EICM
PT-0037,CZ-0192
PT-0037,CZ-0054
PT-0037,LGAV
PT-0037,EFAA
PT-0037,BISH
PT-0037,LBBO
PT-0037,BIHU
PT-0037,SE-0058
PT-0037,EEEI
PT-0037,EEKE
PT-0037,EETN
PT-0037,EFHJ
PT-0037,IE-0020
PT-0037,EENI
PT-0037,IE-0069
PT-0037,EFNS
PT-0037,IM-0004
PT-0037,LGLR
PT-0037,SE-0042
FR-0469,DE-0354
FR-0469,EFTP
FR-0469,EE-0005
FR-0469,BIVH
FR-0469,BG-0117
FR-0469,SE-0058
FR-0469,IE-0037
FR-0469,IE-0069
FR-0469,LOWK
FR-0469,FI-0002
FR-0469,LOSM
FR-0469,EKSL
FR-0469,LOAD
FR-0469,DK-0021
FR-0469,EKGL
FR-0469,EKVL
FR-0469,PT-0123
FR-0469,LGML
FR-0469,LGLR
FR-0469,PT-0089
IE-0052,UA-0180
IE-0052,BIVA
IE-0052,EKMB
IE-0052,PT-0089
IE-0052,BISN
IE-0052,LFBM
IE-0052,BG-0120
IE-0052,EE-0007
IE-0052,LGML
IE-0052,LPFL
IE-0052,ESFA
IE-0052,EYJB
IE-0052,DK-0001
IE-0052,LKCM
IE-0052,UA-0008
IE-0052,LOIA
IE-0052,X-VIE
IE-0052,EEVU
IE-0052,LGAV
IE-0052,EFLN
IE-0052,LOIJ
IE-0052,LFYT
IE-0052,LGAT
IE-0052,ESQO
IE-0052,EFTP
IE-0052,FR-0320
EKSL,BG-0083
EKSL,FR-0320
EKSL,PT-0089
EKSL,UKLC
EKSL,EYAL
EKSL,CZ-0158
EKSL,LB11
EKSL,EFMA
EKSL,LPMU
EKSL,UA-0093
EKSL,UA-0082
EKSL,CZ-0073
EKSL,IM-0004
EKSL,LOGW
EKSL,EIGN
EKSL,LOAD
EKSL,LOIR
EKSL,FR-0469
EKSL,UKGW
EKSL,CZ-0079
EKSL,LFIX
EEEI,EKGL
EEEI,EE-0007
EEEI,EKMB
EEEI,ESKK
EEEI,LFBM
EEEI,DK-0047
EEEI,EKNS
EEEI,DK-0001
EEEI,LFYT
EEEI,PT-0037
EEEI,EIKK
EEEI,LBHT
EEEI,BIRE
EEEI,UKGW
EEEI,EKLS
EEEI,GR-0019
EEEI,LFLA
EEEI,LOLG
EEEI,SE-0063
EEEI,EFEU
BG-0119,LT-0015
BG-0119,UA-0128
BG-0119,IE-0035
BG-0119,EE-0005
BG-0119,UA-0017
BG-0119,PT-0114
BG-0119,UKFG
BG-0119,LBBO
BG-0119,IM-0006
BG-0119,UA-0120
BG-0119,UKLC
BG-0119,SE-0044
BG-0119,LT-0009
BG-0119,FI-0012
BG-0119,BIHI
BG-0119,LFLB
BG-0119,ESFJ
LFBM,IS-0001
LFBM,LT-0027
LFBM,LFLB
LFBM,IE-0052
LFBM,IE-0069
LFBM,UA-0008
LFBM,EEEI
LFBM,ESND
LFBM,LOSM
LFBM,LFRW
LFBM,BG-0120
LFBM,DK-0033
LFBM,DE-0354
LFBM,BIHU
LFBM,LG55
LFBM,BIRE
LFBM,ESSP
LFBM,LGAT
LFBM,UA-0071
LFBM,SE-0044
LFBM,IE-0001
LFBM,EINC
LFBM,BIDV
LFBM,BIBV
LT-0003,DK-0005
LT-0003,BG-0083
LT-0003,LB11
LT-0003,UA-0008
LT-0003,FR-0445
LT-0003,EYKA
LT-0003,ESFJ
LT-0003,ESFA
LT-0003,SE-0074
LT-0003,EERA
LT-0003,LFLA
LT-0003,EYJB
LT-0003,EFKH
LT-0003,EFKI
LT-0003,UKGW
LT-0003,BIGJ
LT-0003,UA-0128
LT-0003,LPMA
LT-0003,LPMU
LPFL,SE-0021
LPFL,PT-0139
LPFL,BG-0115
LPFL,IE-0052
LPFL,EFPU
LPFL,PT-0085
LPFL,IE-0069
LPFL,LPMU
LPFL,LGAV
LPFL,EERA
LPFL,LFSV
LPFL,FR-0512
LPFL,BISP
LPFL,IE-0023
LPFL,LKMB
LPFL,EE-0009
LPFL,EYTL
LPFL,EICM
LPFL,LKBA
LPFL,EYJB
LPFL,EFLN
LPFL,EIBR
LPFL,BIHU
LPFL,IE-0034
LPFL,FI-0012
LPFL,EIWT
LPFL,EFMA
ESQO,PT-0114
ESQO,LKHD
ESQO,IE-0037
ESQO,EEPU
ESQO,LOLC
ESQO,BIHU
ESQO,EEHA
ESQO,ESND
ESQO,UA-0093
ESQO,EEJI
ESQO,BG-0042
ESQO,LPMA
ESQO,LGML
ESQO,CZ-0153
ESQO,DK-0014
ESQO,IE-0052
ESQO,BIHI
LT-0009,EKNS
LT-0009,BISH
LT-0009,IE-0037
LT-0009,GR-0028
LT-0009,LPST
LT-0009,EKVL
LT-0009,BG-0020
LT-0009,EYAL
LT-0009,BIVA
LT-0009,BIHI
LT-0009,EE-0001
LT-0009,BG-0017
LT-0009,EFKK
LT-0009,EGNS
LT-0009,UA-0080
LT-0009,BG-0068
LT-0009,PT-0144
LT-0009,EENI
LT-0009,GR-0056
LT-0009,BG-0046
LT-0009,BG-0119
LT-0009,CZ-0079
LT-0009,AT-0013
LT-0009,LFON
LT-0009,EE-0010
LT-0009,EFPU
LT-0009,LGML
EE-0010,BITE
EE-0010,FI-0012
EE-0010,DK-0014
EE-0010,EFHL
EE-0010,DK-0013
EE-0010,SE-0032
EE-0010,UKKH
EE-0010,CZ-0145
EE-0010,LGAV
EE-0010,LOLC
EE-0010,SE-0021
EE-0010,UA-0175
EE-0010,BISI
EE-0010,UA-0071
EE-0010,SE-0042
EE-0010,LKJI
EE-0010,EYKA
EE-0010,EKHG
EE-0010,LT-0009
EE-0010,LOAT
EE-0010,LOLT
UKBB,LT-0019
UKBB,GR-0064
UKBB,CZ-0057
UKBB,IM-0004
UKBB,FR-0445
UKBB,EE-0007
UKBB,AT-0002
UKBB,SE-0074
UKBB,PT-0118
UKBB,BISP
UKBB,SE-0021
UKBB,UKKH
UKBB,UA-0071
UKBB,IE-0069
UKBB,UA-0008
UKBB,EIWT
UKBB,EKHM
UKBB,BG-0120
UKBB,IE-0035
UKBB,EFPU
UKBB,UKFW
EEVI,LFDT
EEVI,BG-0117
EEVI,BIVH
EEVI,CZ-0185
EEVI,GR-0005
EEVI,GR-0019
EEVI,UKKH
EEVI,IM-0002
EEVI,BG-0025
EEVI,LFNR
EEVI,FR-0340
EEVI,ESMN
EEVI,EYPA
EEVI,LFRN
EEVI,LPMU
EEVI,ESUE
EEVI,IE-0024
EEVI,EYKS
EEVI,LOAA
EEVI,ESSP
EEVI,SE-0032
EEVI,LOLF
EEVI,LKMB
EEVI,EEJI
EEVI,LGLR
EEVI,LOAT
EEVI,EKCH
BIGJ,BIRE
BIGJ,LGSA
BIGJ,CZ-0054
BIGJ,BG-0010
BIGJ,ESSP
BIGJ,LFRW
BIGJ,CZ-0185
BIGJ,EKHM
BIGJ,EYPR
BIGJ,UA-0008
BIGJ,GR-0013
BIGJ,UA-0014
BIGJ,LOIA
BIGJ,LT-0003
BIGJ,CZ-0192
BIGJ,EYPA
LKMB,ESGJ
LKMB,EKGL
LKMB,LB11
LKMB,UKFG
LKMB,EFHL
LKMB,FR-0512
LKMB,CZ-0158
LKMB,LGLR
LKMB,PT-0050
LKMB,EETI
LKMB,LPMA
LKMB,EFMA
LKMB,IE-0020
LKMB,UA-0047
LKMB,ESFJ
LKMB,LOGW
LKMB,IS-0001
LKMB,LG55
LKMB,IE-0069
LKMB,SE-0044
LKMB,LPFL
LKMB,IS-0003
LKMB,ESUE
LKMB,IM-0002
LKMB,EEVI
LKMB,LOLF
LKMB,PT-0139
LKMB,EE-0005
LG55,UA-0014
LG55,EFAA
LG55,EKHM
LG55,EFPY
LG55,EKNS
LG55,EE-0005
LG55,LT-0027
LG55,EERA
LG55,BG-0042
LG55,ESGJ
LG55,LGAT
LG55,UA-0120
LG55,BG-0117
LG55,LKMB
LG55,LFBM
LG55,EFTP
LG55,IM-0004
BG-0115,LOAD
BG-0115,IM-0002
BG-0115,UKLC
BG-0115,LPFL
BG-0115,LOLT
BG-0115,DK-0005
BG-0115,EE-0005
BG-0115,UA-0047
BG-0115,SE-0032
BG-0115,LKHV
BG-0115,LGML
BG-0115,CZ-0126
BG-0115,LFON
BG-0115,EFKK
BG-0115,FR-0340
BG-0115,IE-0023
BG-0115,EE-0007
BG-0115,BIFZ
BG-0115,AT-0002
BG-0115,ESGJ
EINC,EYVI
EINC,UKFG
EINC,UA-0120
EINC,LBVR
EINC,DE-0354
EINC,EFIK
EINC,IE-0035
EINC,LFFP
EINC,BIHI
EINC,BIVH
EINC,BIOF
EINC,EKCH
EINC,EE-0009
EINC,IM-0003
EINC,UKGW
EINC,CZ-0126
EINC,BISP
EINC,LFBM
EINC,PT-0089
EINC,LFIL
BG-0117,EEVI
BG-0117,BG-0017
BG-0117,EEVU
BG-0117,LPMA
BG-0117,LOIA
BG-0117,EIBR
BG-0117,EFKH
BG-0117,EYKR
BG-0117,UA-0071
BG-0117,PT-0139
BG-0117,FR-0469
BG-0117,LG55
BG-0117,LFLB
BG-0117,EETI
BG-0117,EEJI
BG-0117,EFIK
BG-0117,BIFZ
BG-0117,LT-0021
BG-0117,LGSA
BG-0117,FI-0012
BG-0117,AT-0002
LKMK,BG-0120
LKMK,EFKK
LKMK,SE-0006
LKMK,LPMA
LKMK,IM-0006
LKMK,BG-0016
LKMK,EEPU
LKMK,LOAD
LKMK,GR-0013
LKMK,EENI
LKMK,LFIX
LKMK,IM-0002
LKMK,PT-0088
LKMK,LT-0027
LKMK,AT-0013
LKMK,EFMA
LKMK,BIHU
LFSV,EIAB
LFSV,LB13
LFSV,EYKR
LFSV,EFJY
LFSV,IE-0026
LFSV,FR-0445
LFSV,BISI
LFSV,ESKK
LFSV,PT-0114
LFSV,EKMB
LFSV,LPFL
LFSV,PT-0147
LFSV,BIAE
LFSV,EYPA
LFSV,EYLN
LFSV,IE-0035
LFSV,EISG
EEVU,CZ-0122
EEVU,UA-0180
EEVU,BIVH
EEVU,BG-0117
EEVU,IM-0002
EEVU,GR-0064
EEVU,UA-0175
EEVU,UKGW
EEVU,LFNG
EEVU,EISG
EEVU,SE-0060
EEVU,EYPA
EEVU,EE-0007
EEVU,GR-0013
EEVU,LGNX
EEVU,EEPU
EEVU,EERU
EEVU,IE-0035
EEVU,EIGN
EEVU,UA-0080
EEVU,CZ-0158
EEVU,IE-0052
EEVU,EYPR
EEVU,FR-0445
EEVU,EYTL
LOGG,EFLN
LOGG,EENI
LOGG,LPST
LOGG,LGAT
LOGG,LOLG
LOGG,UKGW
LOGG,EIKK
LOGG,LT-0011
LOGG,AT-0013
LOGG,PT-0020
LOGG,LFON
IE-0037,UKFW
IE-0037,UA-0082
IE-0037,LT-0009
IE-0037,ESQO
IE-0037,EKCH
IE-0037,EETI
IE-0037,IM-0001
IE-0037,ESFJ
IE-0037,FR-0469
IE-0037,LKSU
IE-0037,GR-0019
IE-0037,UA-0047
IE-0037,LFIX
IE-0037,LFLA
IE-0037,EFKK
IE-0037,EKLV
EYPA,ESFJ
EYPA,LOAA
EYPA,PT-0139
EYPA,BISI
EYPA,LFNG
EYPA,UA-0175
EYPA,LOAD
EYPA,LGLR
EYPA,FR-0445
EYPA,DK-0021
EYPA,EGNS
EYPA,UKKG
EYPA,EEVI
EYPA,PT-0061
EYPA,EFKH
EYPA,EEVU
EYPA,BIOF
EYPA,LFNR
EYPA,EKNS
EYPA,CZ-0073
EYPA,EYSB
EYPA,CZ-0057
EYPA,IE-0020
EYPA,EFAA
EYPA,ESFY
EYPA,EFPU
EYPA,SE-0074
EYPA,LFLB
EYPA,LFSV
EYPA,BIGJ
IE-0035,CZ-0057
IE-0035,LFIX
IE-0035,DK-0005
IE-0035,BG-0119
IE-0035,SE-0021
IE-0035,LOIJ
IE-0035,EINC
IE-0035,EENI
IE-0035,EFKI
IE-0035,BG-0020
IE-0035,GR-0019
IE-0035,EYLN
IE-0035,EEVU
IE-0035,DK-0047
IE-0035,UA-0047
IE-0035,EFMA
IE-0035,BIRE
IE-0035,EFHL
IE-0035,UKFG
IE-0035,UKBB
IE-0035,LFSV
IE-0034,FI-0002
IE-0034,EYSB
IE-0034,ESUE
IE-0034,LGAT
IE-0034,BG-0016
IE-0034,EKHG
IE-0034,EFJY
IE-0034,EEHA
IE-0034,LFLA
IE-0034,LGNX
IE-0034,LKSU
IE-0034,EISG
IE-0034,EKHM
IE-0034,LFON
IE-0034,EFHJ
IE-0034,LPFL
IE-0034,SE-0063
PT-0139,LPFL
PT-0139,LOWK
PT-0139,EYPA
PT-0139,EFPU
PT-0139,IE-0020
PT-0139,FR-0344
PT-0139,LT-0011
PT-0139,LFRN
PT-0139,LGAV
PT-0139,CZ-0126
PT-0139,BG-0117
PT-0139,UA-0175
PT-0139,EYKR
PT-0139,BG-0020
PT-0139,EFTP
PT-0139,CZ-0054
PT-0139,BIAE
PT-0139,SE-0032
PT-0139,AT-0013
PT-0139,IE-0007
PT-0139,CZ-0057
PT-0139,ESKK
PT-0139,CZ-0122
PT-0139,LPST
PT-0139,LPMU
PT-0139,LKMB
PT-0139,UA-0093
BIHU,EKML
BIHU,LOLT
BIHU,UA-0120
BIHU,UA-0128
BIHU,ESQO
BIHU,EIAB
BIHU,PT-0037
BIHU,LFBM
BIHU,LGLR
BIHU,FR-0445
BIHU,FR-0344
BIHU,LKMK
BIHU,LPFL
BIHU,EE-7685
BIHU,CZ-0153
BIHU,LB13
SE-0074,EERA
SE-0074,PT-0029
SE-0074,UKBB
SE-0074,LB11
SE-0074,CZ-0122
SE-0074,LGPA
SE-0074,PT-0118
SE-0074,SE-0058
SE-0074,CZ-0054
SE-0074,LT-0003
SE-0074,GR-0005
SE-0074,UA-0008
SE-0074,EYPA
SE-0074,IS-0001
SE-0074,BISP
SE-0074,CZ-0126
SE-0074,UA-0047
LOGW,ESND
LOGW,UKLC
LOGW,GR-0011
LOGW,EE-0001
LOGW,BIBD
LOGW,BIBV
LOGW,ESFJ
LOGW,IM-0004
LOGW,EENI
LOGW,EFHL
LOGW,BIAE
LOGW,EERA
LOGW,BG-0120
LOGW,LKMB
LOGW,PT-0061
LOGW,EKHS
LOGW,EKSL
LOGW,PT-0050
LOGW,EE-7685
LOGW,SE-0032
LOGW,LFNG
LOGW,SE-0063
LOGW,CZ-0057
EFJY,LFRW
EFJY,IE-0024
EFJY,EERU
EFJY,LFSV
EFJY,LGSA
EFJY,UA-0008
EFJY,IE-0034
EFJY,DK-0005
EFJY,UA-0120
EFJY,EE-0007
EFJY,UKCM
EFJY,GR-0001
EFJY,X-VIE
EFJY,FR-0340
EFJY,LB13
EFJY,UA-0082
EFJY,SE-0032
EFJY,LOLF
EFJY,EKCH
EFJY,EETI
DK-0050,UKLC
DK-0050,LKCM
DK-0050,EKLV
DK-0050,ESUE
DK-0050,UA-0047
DK-0050,LKJI
DK-0050,LGNX
DK-0050,SE-0043
DK-0050,UKKH
DK-0050,BG-0020
DK-0050,LT-0011
DK-0050,EFVT
DK-0050,UA-0080
DK-0050,EKNS
GR-0019,EFIK
GR-0019,EYKS
GR-0019,BG-0025
GR-0019,EEVI
GR-0019,EKLV
GR-0019,EFKK
GR-0019,LBVR
GR-0019,IE-0035
GR-0019,CZ-0122
GR-0019,EYPR
GR-0019,EEKE
GR-0019,FR-0340
GR-0019,IE-0037
GR-0019,EEEI
GR-0019,BG-0010
GR-0019,LOWK
GR-0019,EYJB
GR-0019,LKJI
GR-0019,LGLR
BG-0120,BISI
BG-0120,LKMK
BG-0120,IE-0052
BG-0120,UA-0128
BG-0120,LFBM
BG-0120,EE-7685
BG-0120,EIKK
BG-0120,LOGW
BG-0120,LFRN
BG-0120,LKJI
BG-0120,EYKR
BG-0120,PT-0089
BG-0120,UKBB
BG-0120,AT-0011
CZ-0153,LGML
CZ-0153,EFKH
CZ-0153,GR-0028
CZ-0153,EFHJ
CZ-0153,LT-0021
CZ-0153,GR-0001
CZ-0153,ESGJ
CZ-0153,EKGL
CZ-0153,EYLN
CZ-0153,LFYT
CZ-0153,LOIA
CZ-0153,ESQO
CZ-0153,BIOF
CZ-0153,BIHU
CZ-0153,EIAB
CZ-0153,EICL
EYPR,GR-0064
EYPR,ESFA
EYPR,LB11
EYPR,EFLN
EYPR,LGAV
EYPR,UKLC
EYPR,UA-0128
EYPR,UA-0180
EYPR,BIOF
EYPR,UA-0008
EYPR,LOAT
EYPR,LOAD
EYPR,BIGJ
EYPR,GR-0001
EYPR,EFHL
EYPR,DK-0033
EYPR,GR-0019
EYPR,UA-0047
EYPR,EEVU
EYPR,IM-0002
EYPR,EE-0007
EYPR,CZ-0192
EYPR,LFRN
BIHI,FR-0320
BIHI,EFKI
BIHI,LKBA
BIHI,LPMT
BIHI,IE-0007
BIHI,PT-0061
BIHI,IE-0069
BIHI,LGNX
BIHI,LT-0009
BIHI,PT-0085
BIHI,EINC
BIHI,CZ-0073
BIHI,EETN
BIHI,ESMN
BIHI,BG-0031
BIHI,BG-0119
BIHI,GR-0064
BIHI,CZ-0126
BIHI,ESQO
BIHI,DK-0021
GR-0011,LOLT
GR-0011,LOLC
GR-0011,LOGW
GR-0011,PT-0029
GR-0011,CZ-0158
GR-0011,BIFZ
GR-0011,IM-0003
GR-0011,LBBQ
GR-0011,LT-0014
GR-0011,DK-0001
GR-0011,EKMB
GR-0011,EETI
GR-0011,UKLC
GR-0011,PT-0147
GR-0011,IM-0001
GR-0011,LKHV
GR-0011,LOAA
CZ-0158,FR-0512
CZ-0158,CZ-0145
CZ-0158,LFNR
CZ-0158,CZ-0185
CZ-0158,EKLS
CZ-0158,EKSL
CZ-0158,LKMB
CZ-0158,GR-0011
CZ-0158,LGIO
CZ-0158,EIBR
CZ-0158,EIWT
CZ-0158,LKJI
CZ-0158,EYKR
CZ-0158,EFHJ
CZ-0158,BG-0068
CZ-0158,EEVU
CZ-0158,PT-0147
CZ-0158,PT-0144
CZ-0158,LFON
CZ-0158,IE-0001
CZ-0158,ESGJ
GR-0013,IM-0006
GR-0013,SE-0021
GR-0013,CZ-0057
GR-0013,EKCH
GR-0013,UA-0120
GR-0013,DE-0354
GR-0013,EFEU
GR-0013,FR-0512
GR-0013,LT-0027
GR-0013,EYSB
GR-0013,LBBO
GR-0013,PT-0147
GR-0013,LKJI
GR-0013,GR-0005
GR-0013,BIFZ
GR-0013,LKMK
GR-0013,EEVU
GR-0013,ESSP
GR-0013,EYKR
GR-0013,LB11
GR-0013,BIGJ
GR-0013,EKLS
GR-0013,FR-0320
GR-0013,UKKG
GR-0013,EIBR
GR-0013,EGNS
GR-0013,EFTP
GR-0013,LGRD
GR-0013,ESUE
GR-0013,EFSO
EFKH,CZ-0153
EFKH,LOLC
EFKH,PT-0088
EFKH,EIKK
EFKH,LKHD
EFKH,BG-0117
EFKH,IM-0006
EFKH,EE-0005
EFKH,EYPA
EFKH,LGRD
EFKH,UA-0180
EFKH,GR-0056
EFKH,LFRW
EFKH,EENA
EFKH,FI-0004
EFKH,LFIL
EFKH,PT-0144
EFKH,LT-0003
EFKH,IE-0001
EFKH,SE-0042
EFKH,LBHT
ESUE,LT-0011
ESUE,IM-0006
ESUE,LFLA
ESUE,IE-0034
ESUE,DK-0050
ESUE,ESGJ
ESUE,EYKA
ESUE,EFVT
ESUE,CZ-0057
ESUE,IE-0024
ESUE,EEVI
ESUE,EKHM
ESUE,BIRE
ESUE,PT-0089
ESUE,IM-0003
ESUE,LGNX
ESUE,LKMB
ESUE,ESND
ESUE,GR-0013
EFKI,BIHI
EFKI,SE-0044
EFKI,PT-0147
EFKI,LPST
EFKI,GR-0052
EFKI,BG-0016
EFKI,LT-0019
EFKI,IE-0035
EFKI,BG-0031
EFKI,EFTP
EFKI,ESKK
EFKI,EIAB
EFKI,CZ-0192
EFKI,LT-0003
EFKI,SE-0060
EFKI,EYKA
EFKI,AT-0002
EFKI,ESMN
IE-0026,IE-0023
IE-0026,IM-0001
IE-0026,LFDT
IE-0026,BG-0046
IE-0026,EYKA
IE-0026,BIBV
IE-0026,BG-0010
IE-0026,LFSV
IE-0026,PT-0061
IE-0026,LOLF
IE-0026,PT-0147
IE-0026,IM-0003
IE-0026,BG-0083
IE-0026,CZ-0185
IE-0026,FI-0004
IE-0026,DK-0013
IE-0026,LOAT
SE-0060,EE-0009
SE-0060,UKGW
SE-0060,LFIX
SE-0060,X-VIE
SE-0060,CZ-0192
SE-0060,IE-0001
SE-0060,EEVU
SE-0060,LFDT
SE-0060,LGLR
SE-0060,BIOF
SE-0060,FR-0445
SE-0060,UA-0120
SE-0060,LOLT
SE-0060,DK-0005
SE-0060,GR-0064
SE-0060,LKJI
SE-0060,EFSO
SE-0060,ESFJ
SE-0060,EFKI
SE-0060,IM-0004
SE-0060,EKLV
SE-0060,IE-0069
SE-0060,EE-0001
SE-0060,EYLN
EFIK,EFKK
EFIK,GR-0019
EFIK,LFRW
EFIK,EFAA
EFIK,LBBO
EFIK,PT-0085
EFIK,LGST
EFIK,EINC
EFIK,CZ-0192
EFIK,EIWT
EFIK,CZ-0057
EFIK,EIKK
EFIK,LFRN
EFIK,EYLN
EFIK,BG-0117
EFIK,BIBD
EFIK,EKCH
EFIK,EYKS
EFIK,EYKR
IE-0024,EFJY
IE-0024,EFEU
IE-0024,DE-0354
IE-0024,EICM
IE-0024,EETN
IE-0024,EENA
IE-0024,ESUE
IE-0024,EEVI
IE-0024,PT-0029
IE-0024,EE-0005
IE-0024,UA-0008
IE-0024,LGST
IE-0024,IE-0069
IE-0024,FR-0512
IE-0024,EE-0009
IE-0023,ESFA
IE-0023,IE-0026
IE-0023,BG-0068
IE-0023,EYTL
IE-0023,CZ-0054
IE-0023,LFON
IE-0023,EKVL
IE-0023,LOAD
IE-0023,BG-0017
IE-0023,BG-0083
IE-0023,UA-0093
IE-0023,FR-0445
IE-0023,AT-0002
IE-0023,LPFL
IE-0023,PT-0147
IE-0023,BG-0115
IE-0023,IS-0001
IE-0023,UKLC
IE-0023,EKHG
IE-0023,PT-0099
UKCM,BIBV
UKCM,LKSU
UKCM,EEHA
UKCM,LGST
UKCM,LKBA
UKCM,ESFJ
UKCM,PT-0118
UKCM,EFKK
UKCM,EFJY
UKCM,BG-0020
UKCM,BIBD
UKCM,LFLB
UKCM,SE-0042
UKCM,LFYT
UKCM,EYKS
UKCM,LOIJ
UKCM,BG-0046
LFDT,LKHV
LFDT,EEVI
LFDT,BITM
LFDT,IE-0026
LFDT,EIBR
LFDT,AT-0013
LFDT,DK-0014
LFDT,EGNS
LFDT,LT-0015
LFDT,ESFJ
LFDT,LOLF
LFDT,ESSP
LFDT,SE-0060
LFDT,CZ-0079
LFDT,IM-0001
LFDT,SE-0032
LFDT,EE-0005
LFDT,FR-0512
LFDT,IE-0007
LFDT,SE-0058
LFDT,IM-0002
PT-0029,SE-0074
PT-0029,FR-0512
PT-0029,LKJI
PT-0029,GR-0011
PT-0029,EE-0005
PT-0029,EE-0009
PT-0029,LT-0027
PT-0029,IE-0024
PT-0029,BG-0017
PT-0029,LT-0011
PT-0029,EYKA
PT-0029,ESFJ
PT-0029,LB11
PT-0029,UA-0071
EKCH,BIOF
EKCH,LT-0011
EKCH,GR-0013
EKCH,BG-0025
EKCH,UA-0047
EKCH,DK-0001
EKCH,EIWT
EKCH,IE-0037
EKCH,EISG
EKCH,DE-0354
EKCH,CZ-0126
EKCH,EE-0005
EKCH,SE-0063
EKCH,LT-0021
EKCH,EINC
EKCH,ESFJ
EKCH,LT-0014
EKCH,EFIK
EKCH,SE-0032
EKCH,FR-0320
EKCH,EFJY
EKCH,EEVI
EKCH,CZ-0079
ESSP,SE-0058
ESSP,LFFP
ESSP,EKGL
ESSP,EYKA
ESSP,BIGJ
ESSP,EERA
ESSP,EIKK
ESSP,EFHJ
ESSP,LFRN
ESSP,LFDT
ESSP,GR-0013
ESSP,EE-0009
ESSP,EKHM
ESSP,EYLN
ESSP,EEVI
ESSP,LBHT
ESSP,PT-0144
ESSP,PT-0050
ESSP,LFBM
ESSP,CZ-0057
ESSP,UKKH
ESSP,IE-0001
ESSP,PT-0085
SE-0063,LFYT
SE-0063,LFLA
SE-0063,PT-0020
SE-0063,EENA
SE-0063,EFPY
SE-0063,EKLV
SE-0063,EKCH
SE-0063,FR-0344
SE-0063,IE-0007
SE-0063,PT-0088
SE-0063,EKHS
SE-0063,EE-7685
SE-0063,CZ-0073
SE-0063,LOGW
SE-0063,EEEI
SE-0063,EIBR
SE-0063,EERU
SE-0063,IE-0034
LOWG,UKGW
LOWG,AT-0013
LOWG,UKFW
LOWG,LOIR
LOWG,EKLS
LOWG,EYKA
LOWG,PT-0123
LOWG,LB11
LOWG,LOLF
LOWG,GR-0056
LOWG,EFLN
LOWG,LFON
LOWG,LKSU
LOWG,EE-7685
LOWG,EICL
LOWG,IM-0006
LOWG,LT-0015
GR-0028,LPMA
GR-0028,CZ-0122
GR-0028,CZ-0153
GR-0028,LT-0009
GR-0028,BG-0068
GR-0028,PT-0061
GR-0028,LOAA
GR-0028,FR-0445
GR-0028,EFEU
GR-0028,ESFA
GR-0028,AT-0002
GR-0028,CZ-0145
GR-0028,IS-0001
GR-0028,IM-0001
GR-0028,UKLC
GR-0028,PT-0020
GR-0028,EISG
PT-0144,LT-0027
PT-0144,LOAT
PT-0144,UA-0014
PT-0144,EICL
PT-0144,UKFG
PT-0144,BIBD
PT-0144,EFEU
PT-0144,EE-9278
PT-0144,LGAV
PT-0144,IS-0003
PT-0144,LT-0009
PT-0144,EGNS
PT-0144,EFKH
PT-0144,FI-0004
PT-0144,ESSP
PT-0144,EISG
PT-0144,EFKK
PT-0144,CZ-0158
PT-0144,LFNG
PT-0144,UA-0008
PT-0144,LOSM
PT-0144,LKHV
BG-0010,LB13
BG-0010,BISI
BG-0010,EIKK
BG-0010,PT-0118
BG-0010,EFPU
BG-0010,BIGJ
BG-0010,LFLB
BG-0010,IE-0001
BG-0010,LPMU
BG-0010,IE-0026
BG-0010,LBHT
BG-0010,LOWK
BG-0010,LFLA
BG-0010,EICM
BG-0010,EENI
BG-0010,EYLN
BG-0010,LOSM
BG-0010,GR-0019
BG-0010,LKHV
BG-0010,LPMA
BG-0010,GR-0001
LOWK,PT-0139
LOWK,EFNS
LOWK,DK-0033
LOWK,LOLF
LOWK,LBBO
LOWK,LGPA
LOWK,UA-0082
LOWK,BG-0010
LOWK,EIAB
LOWK,FR-0320
LOWK,LPMT
LOWK,FR-0340
LOWK,BIDV
LOWK,UKFW
LOWK,FR-0469
LOWK,FI-0012
LOWK,GR-0019
LOWK,LB13
LOWK,EFHL
PT-0147,LFNG
PT-0147,FI-0004
PT-0147,EFKI
PT-0147,SE-0042
PT-0147,UA-0093
PT-0147,PT-0088
PT-0147,GR-0013
PT-0147,PT-0099
PT-0147,BITM
PT-0147,EE-0009
PT-0147,PT-0118
PT-0147,IE-0026
PT-0147,EYKA
PT-0147,LFSV
PT-0147,LT-0015
PT-0147,CZ-0158
PT-0147,GR-0011
PT-0147,IE-0023
PT-0147,LKHV
PT-0147,CZ-0145
PT-0147,EKML
BG-0016,LKHD
BG-0016,LGAT
BG-0016,LFNG
BG-0016,IE-0034
BG-0016,LKMK
BG-0016,EFKI
BG-0016,LKHV
BG-0016,ESFJ
BG-0016,DK-0001
BG-0016,EYLN
BG-0016,LFYT
BG-0016,BG-0020
BG-0016,UKFG
BG-0016,LT-0011
EEHA,EICL
EEHA,LT-0019
EEHA,UKCM
EEHA,LKJI
EEHA,ESQO
EEHA,IS-0001
EEHA,IE-0034
EEHA,EEPU
EEHA,LOAA
EEHA,LFRW
EEHA,EEKE
EEHA,LFFP
EEHA,UA-0180
EEHA,CZ-0145
EEHA,EYSB
EEHA,PT-0089
EEHA,UKKG
EEHA,UKKH
EEHA,GR-0064
EEHA,BIAE
EEHA,IE-0007
EEHA,LGST
BG-0017,BG-0117
BG-0017,DK-0033
BG-0017,LKJI
BG-0017,SE-0044
BG-0017,EYVK
BG-0017,LOAT
BG-0017,LT-0009
BG-0017,IE-0023
BG-0017,LOAD
BG-0017,EIKK
BG-0017,BG-0031
BG-0017,PT-0029
BG-0017,GR-0005
BG-0017,UKKG
BG-0017,EKHG
BG-0017,ESGJ
BG-0017,SE-0021
BG-0017,EIBR
BG-0017,LKCM
DK-0047,EYKS
DK-0047,BITE
DK-0047,PT-0085
DK-0047,UA-0080
DK-0047,EEEI
DK-0047,EETI
DK-0047,SE-0021
DK-0047,EYTL
DK-0047,UA-0017
DK-0047,CZ-0126
DK-0047,LOIJ
DK-0047,EFLN
DK-0047,LPMA
DK-0047,EFHL
DK-0047,LT-0019
DK-0047,BISP
DK-0047,EYKR
DK-0047,IE-0035
DK-0047,SE-0032
DK-0047,UKKH
DK-0047,LOLT
DK-0047,EYLN
IE-0020,EETI
IE-0020,EERU
IE-0020,UA-0128
IE-0020,UA-0014
IE-0020,EFMA
IE-0020,UA-0082
IE-0020,PT-0139
IE-0020,FR-0340
IE-0020,EE-0007
IE-0020,EYPA
IE-0020,LBVR
IE-0020,LKMB
IE-0020,PT-0037
IE-0020,LOAA
IE-0020,EYSB
IE-0020,DK-0021
IE-0020,AT-0011
IE-0020,FI-0004
IE-0020,UKFG
IE-0020,DK-0033
IE-0020,IM-0001
IE-0020,EYTL
IE-0020,SE-0006
IE-0020,EISG
IE-0020,BISN
PT-0020,X-VIE
PT-0020,DK-0005
PT-0020,SE-0044
PT-0020,SE-0063
PT-0020,LGAT
PT-0020,LOLF
PT-0020,LKCM
PT-0020,EE-7685
PT-0020,EYTL
PT-0020,UA-0128
PT-0020,BIBD
PT-0020,LOGG
PT-0020,GR-0028
PT-0020,BG-0083
PT-0020,EENI
PT-0020,EYSB
PT-0020,LKHD
CZ-0145,CZ-0158
CZ-0145,PT-0118
CZ-0145,UKGW
CZ-0145,LGAT
CZ-0145,EE-0010
CZ-0145,LFRW
CZ-0145,BG-0083
CZ-0145,LFRN
CZ-0145,IE-0007
CZ-0145,EE-0001
CZ-0145,BIVA
CZ-0145,GR-0028
CZ-0145,CZ-0057
CZ-0145,PT-0050
CZ-0145,LOLC
CZ-0145,ESFY
CZ-0145,EEHA
CZ-0145,IM-0003
CZ-0145,CZ-0079
CZ-0145,IE-0001
CZ-0145,LOSM
CZ-0145,LFYT
CZ-0145,LKHD
CZ-0145,ESKK
CZ-0145,PT-0147
UKFW,BIDV
UKFW,IE-0037
UKFW,FR-0344
UKFW,BISH
UKFW,LFNR
UKFW,LOIA
UKFW,LOWG
UKFW,EENI
UKFW,BISI
UKFW,LKCM
UKFW,PT-0123
UKFW,PT-0118
UKFW,LOWK
UKFW,EKGL
UKFW,EYAL
UKFW,SE-0058
UKFW,LGST
UKFW,LGRD
UKFW,UKBB
LGIO,EKHG
LGIO,PT-0085
LGIO,EKMB
LGIO,LKVP
LGIO,PT-0123
LGIO,AT-0013
LGIO,BG-0025
LGIO,CZ-0158
LGIO,LFRW
LGIO,SE-0032
LGIO,LGRD
LGIO,EGNS
LGIO,FR-0344
LGIO,FR-0320
LGIO,EYKA
LGIO,CZ-0192
LGIO,EIKK
LGIO,SE-0058
EFLN,UA-0128
EFLN,LOGG
EFLN,DK-0005
EFLN,EE-0001
EFLN,EYPR
EFLN,ESGJ
EFLN,LFIX
EFLN,LFNG
EFLN,EFEU
EFLN,GR-0052
EFLN,ESFJ
EFLN,LOWG
EFLN,DK-0047
EFLN,SE-0043
EFLN,IE-0052
EFLN,FR-0445
EFLN,FR-0512
EFLN,LPFL
EFLN,BISH
EFLN,FR-0340
LOIJ,EYKR
LOIJ,AT-0011
LOIJ,EYAL
LOIJ,IE-0035
LOIJ,LOLC
LOIJ,ESND
LOIJ,EYTL
LOIJ,UA-0080
LOIJ,DK-0047
LOIJ,UA-0071
LOIJ,UA-0175
LOIJ,EKNS
LOIJ,IE-0052
LOIJ,IS-0003
LOIJ,UKCM
EGNS,GR-0056
EGNS,EYJB
EGNS,LOIA
EGNS,X-VIE
EGNS,EFHL
EGNS,UA-0008
EGNS,LFDT
EGNS,EYLN
EGNS,EYPA
EGNS,LKVP
EGNS,AT-0011
EGNS,IE-0001
EGNS,LKSU
EGNS,LT-0009
EGNS,LGAT
EGNS,EYKA
EGNS,SE-0006
EGNS,PT-0144
EGNS,LGIO
EGNS,GR-0013
ESFA,EYPR
ESFA,IE-0023
ESFA,EE-9278
ESFA,LOAD
ESFA,BISP
ESFA,IE-0007
ESFA,GR-0064
ESFA,LPMA
ESFA,GR-0056
ESFA,IS-0001
ESFA,IE-0052
ESFA,GR-0028
ESFA,LT-0003
ESFA,FR-0344
ESFA,AT-0013
ESFA,FI-0012
ESFA,ESGJ
ESFA,LGST
ESFA,LFLB
ESFA,EIGN
ESFA,EETN
ESFA,PT-0123
ESFA,EKLV
ESFA,LKCM
ESFA,UA-0128
ESFA,IM-0004
SE-0058,AT-0002
SE-0058,ESSP
SE-0058,EYJB
SE-0058,EE-9278
SE-0058,BIVA
SE-0058,PT-0088
SE-0058,UA-0082
SE-0058,PT-0037
SE-0058,LGAV
SE-0058,BISN
SE-0058,FR-0469
SE-0058,EYLN
SE-0058,CZ-0126
SE-0058,SE-0074
SE-0058,BIOF
SE-0058,DK-0033
SE-0058,LFNR
SE-0058,EIGN
SE-0058,LFDT
SE-0058,UKFW
SE-0058,EYSB
SE-0058,LGIO
PT-0118,CZ-0145
PT-0118,EETI
PT-0118,UA-0014
PT-0118,BG-0010
PT-0118,LT-0011
PT-0118,DK-0033
PT-0118,UKCM
PT-0118,IE-0069
PT-0118,UKBB
PT-0118,SE-0074
PT-0118,PT-0147
PT-0118,SE-0021
PT-0118,UKFW
PT-0118,EYVK
PT-0118,BIVH
PT-0118,CZ-0122
PT-0118,BIBD
LOIR,GR-0005
LOIR,FR-0340
LOIR,LOAD
LOIR,LT-0019
LOIR,LOWG
LOIR,LT-0011
LOIR,BG-0068
LOIR,LKBA
LOIR,LPMT
LOIR,EKSL
LOIR,FI-0004
LOIR,LT-0021
BG-0020,FI-0012
BG-0020,GR-0005
BG-0020,EFHL
BG-0020,BISP
BG-0020,LT-0009
BG-0020,DK-0050
BG-0020,LFLA
BG-0020,LKHV
BG-0020,BG-0042
BG-0020,IE-0035
BG-0020,EFVT
BG-0020,FI-0002
BG-0020,BG-0016
BG-0020,UKCM
BG-0020,LT-0014
BG-0020,EIAB
BG-0020,PT-0139
BG-0020,IE-0007
BG-0020,EIBR
BG-0020,LBBQ
BG-0020,BITE
BG-0020,EFAA
BG-0020,LB13
ESFJ,EFHJ
ESFJ,EYPA
ESFJ,EYAL
ESFJ,CZ-0122
ESFJ,LOGW
ESFJ,EIWT
ESFJ,UKCM
ESFJ,LFDT
ESFJ,EKML
ESFJ,BG-0016
ESFJ,EFLN
ESFJ,LT-0003
ESFJ,DK-0014
ESFJ,EKCH
ESFJ,IE-0037
ESFJ,LKMB
ESFJ,IM-0004
ESFJ,UKKH
ESFJ,CZ-0192
ESFJ,SE-0060
ESFJ,EFAA
ESFJ,PT-0029
ESFJ,EETI
ESFJ,LPMU
ESFJ,BG-0119
EIBR,EERU
EIBR,UA-0047
EIBR,ESKK
EIBR,LFDT
EIBR,EIKK
EIBR,UA-0071
EIBR,BG-0117
EIBR,UA-0093
EIBR,LT-0021
EIBR,CZ-0158
EIBR,IM-0004
EIBR,SE-0044
EIBR,LOAD
EIBR,BG-0068
EIBR,BG-0020
EIBR,GR-0013
EIBR,LFYT
EIBR,LGAV
EIBR,LPFL
EIBR,SE-0063
EIBR,BG-0017
EFMA,PT-0050
EFMA,EFPU
EFMA,EIGN
EFMA,UKGW
EFMA,BG-0083
EFMA,UA-0082
EFMA,IE-0020
EFMA,LFIL
EFMA,EKGL
EFMA,LPST
EFMA,EKSL
EFMA,EFTP
EFMA,EE-9278
EFMA,GR-0056
EFMA,FI-0004
EFMA,LOLF
EFMA,LKMB
EFMA,BISN
EFMA,IE-0035
EFMA,DK-0014
EFMA,SE-0021
EFMA,LT-0014
EFMA,BISI
EFMA,LKMK
EFMA,LPFL
EFMA,LOLC
PT-0114,BIVA
PT-0114,ESQO
PT-0114,DK-0001
PT-0114,LPST
PT-0114,LBBO
PT-0114,UA-0071
PT-0114,SE-0021
PT-0114,UA-0008
PT-0114,BG-0119
PT-0114,EKML
PT-0114,LFSV
PT-0114,FR-0445
PT-0114,ESKK
PT-0114,EE-0009
PT-0114,LOAT
PT-0114,LBBQ
PT-0114,UA-0014
PT-0114,LKSU
PT-0114,DK-0033
PT-0114,GR-0005
PT-0114,EKHM
EISG,EFTP
EISG,ESFY
EISG,EENI
EISG,LBVR
EISG,IM-0002
EISG,BIBV
EISG,EEVU
EISG,EFHL
EISG,EKHS
EISG,EKCH
EISG,IE-0034
EISG,CZ-0054
EISG,EKHM
EISG,LT-0015
EISG,PT-0088
EISG,EIGN
EISG,BG-0083
EISG,EYLN
EISG,SE-0044
EISG,IM-0001
EISG,BG-0046
EISG,EFEU
EISG,PT-0144
EISG,GR-0028
EISG,FR-0340
EISG,ESGJ
EISG,LFSV
EISG,IE-0020
EISG,BISN
EISG,IE-0007
EISG,LB13
EEKE,BISH
EEKE,EYTL
EEKE,EE-0009
EEKE,BISN
EEKE,PT-0085
EEKE,EE-0005
EEKE,LKVP
EEKE,PT-0037
EEKE,EEHA
EEKE,GR-0019
EEKE,ESFY
EEKE,UA-0180
EEKE,DK-0001
EEKE,SE-0006
EEKE,FR-0340
EEKE,CZ-0054
EEKE,EFNS
LKBA,LOLF
LKBA,EICM
LKBA,BIHI
LKBA,IE-0007
LKBA,UKCM
LKBA,LOIR
LKBA,CZ-0057
LKBA,EKLV
LKBA,IM-0001
LKBA,LPFL
LKBA,DK-0005
LKBA,EENA
LKBA,CZ-0122
BG-0025,LKJI
BG-0025,GR-0019
BG-0025,UA-0017
BG-0025,EKCH
BG-0025,DE-0354
BG-0025,EEVI
BG-0025,LT-0019
BG-0025,BISP
BG-0025,LT-0011
BG-0025,LGIO
BG-0025,BG-0083
BG-0025,SE-0006
BG-0025,EKHS
BG-0025,EYAL
BG-0025,UA-0082
BG-0025,CZ-0057
BG-0025,LOLC
BG-0025,FR-0445
BG-0025,LOIA
BG-0025,UKKH
EFKK,LKMK
EFKK,EFIK
EFKK,LKSU
EFKK,IE-0001
EFKK,BIOF
EFKK,LGSA
EFKK,CZ-0057
EFKK,GR-0019
EFKK,LT-0009
EFKK,GR-0056
EFKK,UKCM
EFKK,SE-0021
EFKK,LOLC
EFKK,CZ-0054
EFKK,BG-0046
EFKK,CZ-0185
EFKK,BG-0115
EFKK,PT-0144
EFKK,LGPA
EFKK,EKHM
EFKK,LOSM
EFKK,IM-0003
EFKK,IE-0037
EIAB,PT-0123
EIAB,LFSV
EIAB,IE-0007
EIAB,EYTL
EIAB,LFNG
EIAB,LGAV
EIAB,UA-0082
EIAB,BIHU
EIAB,LGML
EIAB,EKHG
EIAB,LOWK
EIAB,EFKI
EIAB,BG-0020
EIAB,BIAE
EIAB,UA-0008
EIAB,EFHJ
EIAB,BIBD
EIAB,EE-0007
EIAB,IM-0006
EIAB,UA-0071
EIAB,LKHD
EIAB,LPST
EIAB,CZ-0153
EIAB,DK-0021
LFFP,ESSP
LFFP,EEJI
LFFP,EKLV
LFFP,EYKA
LFFP,EINC
LFFP,LB13
LFFP,AT-0011
LFFP,LOAD
LFFP,LPST
LFFP,EEHA
LFFP,BIVA
LFFP,CZ-0185
IE-0001,PT-0089
IE-0001,EKNS
IE-0001,IM-0006
IE-0001,EFKK
IE-0001,BG-0083
IE-0001,BG-0010
IE-0001,SE-0060
IE-0001,LT-0011
IE-0001,CZ-0185
IE-0001,EGNS
IE-0001,UA-0047
IE-0001,LT-0019
IE-0001,CZ-0145
IE-0001,ESSP
IE-0001,EFKH
IE-0001,LFBM
IE-0001,IM-0001
IE-0001,CZ-0158
IE-0001,BIRE
IE-0001,EFEU
IE-0007,LGSA
IE-0007,EKLV
IE-0007,EKML
IE-0007,ESFA
IE-0007,EIAB
IE-0007,LKBA
IE-0007,LT-0015
IE-0007,BIHI
IE-0007,LFYT
IE-0007,EKLS
IE-0007,UA-0071
IE-0007,EYKA
IE-0007,EE-7685
IE-0007,EYAL
IE-0007,LFON
IE-0007,CZ-0145
IE-0007,EFSO
IE-0007,AT-0011
IE-0007,SE-0063
IE-0007,BG-0020
IE-0007,UA-0175
IE-0007,PT-0139
IE-0007,LFDT
IE-0007,EEHA
IE-0007,DK-0013
IE-0007,EISG
SE-0042,BITM
SE-0042,LBBO
SE-0042,EKGL
SE-0042,PT-0147
SE-0042,GR-0056
SE-0042,LKCM
SE-0042,PT-0099
SE-0042,EICL
SE-0042,LKSU
SE-0042,EKHM
SE-0042,UA-0093
SE-0042,EE-0010
SE-0042,FR-0344
SE-0042,LPST
SE-0042,UKCM
SE-0042,EFKH
SE-0042,PT-0037
SE-0042,SE-0044
SE-0042,DE-0354
SE-0042,LKJI
SE-0043,BISN
SE-0043,GR-0056
SE-0043,LGNX
SE-0043,DK-0005
SE-0043,CZ-0073
SE-0043,DK-0050
SE-0043,EKLV
SE-0043,UA-0008
SE-0043,CZ-0126
SE-0043,AT-0011
SE-0043,LGSA
SE-0043,EFLN
SE-0043,PT-0061
SE-0043,BIRE
SE-0043,UKKH
SE-0044,EFKI
SE-0044,LKHV
SE-0044,PT-0020
SE-0044,BG-0017
SE-0044,LT-0021
SE-0044,EYKA
SE-0044,EIBR
SE-0044,BG-0119
SE-0044,LGNX
SE-0044,PT-0050
SE-0044,EKHS
SE-0044,LKMB
SE-0044,EISG
SE-0044,CZ-0192
SE-0044,BIVA
SE-0044,EFTP
SE-0044,LFBM
SE-0044,SE-0042
UKFG,EINC
UKFG,LOAD
UKFG,BISH
UKFG,LKJI
UKFG,LOAA
UKFG,LKMB
UKFG,LB13
UKFG,PT-0144
UKFG,UA-0175
UKFG,EFSO
UKFG,DK-0005
UKFG,BG-0119
UKFG,BG-0016
UKFG,FR-0344
UKFG,LFIX
UKFG,IE-0020
UKFG,IE-0035
UKFG,GR-0064
CZ-0122,GR-0028
CZ-0122,EEVU
CZ-0122,ESFJ
CZ-0122,EYLN
CZ-0122,CZ-0126
CZ-0122,LOLC
CZ-0122,EFSO
CZ-0122,PT-0099
CZ-0122,SE-0074
CZ-0122,EKGL
CZ-0122,GR-0019
CZ-0122,UA-0080
CZ-0122,EE-0007
CZ-0122,LGST
CZ-0122,LGSA
CZ-0122,ESFY
CZ-0122,EYAL
CZ-0122,UA-0175
CZ-0122,PT-0118
CZ-0122,EKLS
CZ-0122,PT-0139
CZ-0122,EYKA
CZ-0122,EYVK
CZ-0122,LKBA
CZ-0122,LFRW
CZ-0122,EE-7685
PT-0123,LT-0014
PT-0123,EIAB
PT-0123,LGIO
PT-0123,UKLC
PT-0123,GR-0052
PT-0123,LOWG
PT-0123,BIOF
PT-0123,LGST
PT-0123,BG-0031
PT-0123,EYSB
PT-0123,UKFW
PT-0123,EICM
PT-0123,LKCM
PT-0123,CZ-0126
PT-0123,LGAT
PT-0123,LPMA
PT-0123,ESFA
PT-0123,FR-0469
PT-0123,EYKR
BG-0031,SE-0006
BG-0031,EE-0001
BG-0031,BIBD
BG-0031,FI-0002
BG-0031,EFKI
BG-0031,PT-0123
BG-0031,BIDV
BG-0031,BG-0017
BG-0031,EFEU
BG-0031,BIHI
BG-0031,ESFY
BG-0031,UA-0047
BG-0031,LOLT
BG-0031,LKCM
BG-0031,DK-0021
BG-0031,EIKK
BG-0031,LB13
LOIA,EFVT
LOIA,DK-0014
LOIA,EGNS
LOIA,LGLR
LOIA,UKFW
LOIA,BG-0117
LOIA,LB11
LOIA,EYSB
LOIA,EERA
LOIA,EETN
LOIA,BIVH
LOIA,EFSO
LOIA,IE-0052
LOIA,LFLB
LOIA,BIGJ
LOIA,CZ-0153
LOIA,LOLG
LOIA,LFIX
LOIA,BG-0068
LOIA,BG-0025
GR-0001,EKLV
GR-0001,BIFZ
GR-0001,DK-0013
GR-0001,CZ-0153
GR-0001,BISI
GR-0001,EYPR
GR-0001,CZ-0126
GR-0001,CZ-0073
GR-0001,LFIL
GR-0001,GR-0056
GR-0001,EFJY
GR-0001,UKGW
GR-0001,BISP
GR-0001,FI-0004
GR-0001,UA-0175
GR-0001,BG-0010
GR-0001,PT-0085
EKVL,EYAL
EKVL,IM-0004
EKVL,BITM
EKVL,BG-0068
EKVL,LT-0009
EKVL,IE-0069
EKVL,FR-0320
EKVL,IE-0023
EKVL,LGRD
EKVL,ESKK
EKVL,CZ-0126
EKVL,EFAA
EKVL,BIRE
EKVL,LOSM
EKVL,FR-0469
EKVL,EYLN
CZ-0126,EYTL
CZ-0126,EIKK
CZ-0126,EIWT
CZ-0126,LOAT
CZ-0126,CZ-0122
CZ-0126,CZ-0185
CZ-0126,LFYT
CZ-0126,LGLR
CZ-0126,GR-0056
CZ-0126,LGML
CZ-0126,PT-0139
CZ-0126,LGRD
CZ-0126,EETI
CZ-0126,SE-0043
CZ-0126,EKCH
CZ-0126,GR-0001
CZ-0126,DK-0047
CZ-0126,SE-0058
CZ-0126,BISH
CZ-0126,EKVL
CZ-0126,BG-0115
CZ-0126,PT-0123
CZ-0126,EINC
CZ-0126,BIHI
CZ-0126,SE-0074
CZ-0126,PT-0099
EEJI,LFFP
EEJI,CZ-0073
EEJI,LBVR
EEJI,BIAE
EEJI,EYVK
EEJI,LFON
EEJI,EFSO
EEJI,BG-0046
EEJI,ESQO
EEJI,BG-0117
EEJI,BISN
EEJI,EEVI
EEJI,BG-0042
EEJI,LPST
GR-0005,BG-0020
GR-0005,LOIR
GR-0005,EEVI
GR-0005,IM-0006
GR-0005,LGST
GR-0005,GR-0013
GR-0005,LT-0014
GR-0005,EYVK
GR-0005,SE-0074
GR-0005,LKVP
GR-0005,BG-0017
GR-0005,EKLV
GR-0005,EENI
GR-0005,PT-0088
GR-0005,GR-0064
GR-0005,PT-0114
GR-0005,ESMN
EYAL,CZ-0054
EYAL,EKVL
EYAL,EKSL
EYAL,ESFJ
EYAL,LT-0009
EYAL,BIAE
EYAL,LOIJ
EYAL,LKSU
EYAL,LGAT
EYAL,LOLG
EYAL,IE-0007
EYAL,LB13
EYAL,BG-0025
EYAL,LOLT
EYAL,LFRW
EYAL,AT-0002
EYAL,CZ-0122
EYAL,FI-0002
EYAL,UKFW
EYAL,UA-0071
EYAL,EICL
EYAL,UA-0120
