from,to
LTBZ,LTAJ
LTBZ,TR-0013
LTBZ,TR-0065
TR-0030,TR-0120
TR-0030,LTBG
TR-0011,LTCF
TR-0011,LTAW
LTCF,LTBU
LTCF,TR-0011
LTCE,LTAX
LTCE,LTCL
LTAB,LTAL
LTAB,LTFC
LTAB,TR-0017
LTAH,TR-0038
LTAH,TR-0065
LTAF,TR-0065
LTAF,LTBO
LTAF,TR-0028
LTAF,TR-0002
LTAF,LTAL
LTAL,LTCR
LTAL,LTAB
LTAL,TR-0028
LTAL,LTAF
LTAJ,TR-0037
LTAJ,LTBZ
LTAJ,LT86
LTAJ,TR-0018
LTCL,LTCE
LTCL,TR-0038
LTAI,LTBG
LTAI,LT86
LTAI,TR-0044
LTAP,LTBO
LTAP,TR-0029
LTCR,TR-0036
LTCR,LTAL
LFTO,TR-0035
LFTO,TR-0028
LTCO,LTCV
LTCO,TR-0035
LTCO,TR-0038
TR-0035,LTCO
TR-0035,LFTO
TR-0035,TR-0044
TR-0035,LTFC
TR-0013,LTBZ
TR-0013,TR-0120
LTCV,TR-0044
LTCV,LTCO
LTCV,LTBO
LTCV,TR-0028
TR-0037,TR-0014
TR-0037,LTAJ
TR-0037,TR-0029
TR-0036,LTAW
TR-0036,LTCR
LTAQ,TR-0002
LTAQ,TR-0044
TR-0014,TR-0017
TR-0014,TR-0037
TR-0017,LTBQ
TR-0017,TR-0014
TR-0017,LTAB
TR-0017,TR-0038
LTAX,LT86
LTAX,LTCE
LTAX,TR-0018
TR-0038,LTCL
TR-0038,LTAH
TR-0038,LTCO
TR-0038,TR-0017
LTAW,TR-0011
LTAW,TR-0036
TR-0018,LTFC
TR-0018,TR-0002
TR-0018,LTAX
TR-0018,LTAJ
LT86,LTAI
LT86,LTAX
LT86,LTAJ
LTFC,LTAB
LTFC,TR-0018
LTFC,TR-0035
TR-0044,LTAQ
TR-0044,LTCV
TR-0044,TR-0035
TR-0044,LTAI
TR-0065,LTAH
TR-0065,LTAF
TR-0065,LTBZ
TR-0120,TR-0013
TR-0120,TR-0030
LTBG,TR-0030
LTBG,LTAI
LTBQ,TR-0017
LTBO,LTAF
LTBO,LTAP
LTBO,LTCV
TR-0002,TR-0018
TR-0002,LTAQ
TR-0002,LTAF
LTBU,TR-0029
LTBU,LTCF
TR-0028,LFTO
TR-0028,LTAF
TR-0028,LTAL
TR-0028,LTCV
TR-0029,LTAP
TR-0029,LTBU
TR-0029,TR-0037
