from,to
LTBZ,TR-0038
LTBZ,TR-0215
LTCA,TR-0028
LTCA,LTCG
TR-0011,TR-0032
TR-0011,LTAQ
TR-0011,LTCP
TR-0032,LTAJ
TR-0032,TR-0011
TR-0032,LTCM
TR-0032,TR-0014
LTAH,LTAX
LTAH,TR-0065
LTAH,TR-0215
LTAH,TR-0009
LTCJ,LTAW
LTCJ,LTAX
LTCI,LTBA
LTCI,LTAL
LTCG,LTCA
LTCG,TR-0013
LTAL,LTCI
LTAL,LTBC
LTCN,TR-0018
LTCN,TR-0028
LTCN,LTAJ
LTCM,LTDA
LTCM,TR-0029
LTCM,TR-0032
LTAJ,LTCP
LTAJ,TR-0032
LTAJ,TR-0009
LTAJ,LTAX
LTAJ,LTCN
LTCL,TR-0215
LTCL,TR-0028
LTCR,LTAQ
LTCR,TR-0036
LTCP,LFTO
LTCP,LTAJ
LTCP,TR-0011
LFTO,TR-0029
LFTO,LTCP
LTAM,TR-0013
LTAM,TR-0014
LTAM,TR-0037
TR-0013,LTCG
TR-0013,LTAM
LTCV,LTBC
LTCV,TR-0038
LTCV,LTAQ
TR-0037,LTBR
TR-0037,LTBA
TR-0037,LTAV
TR-0037,TR-0038
TR-0037,LTAM
TR-0036,LTCR
TR-0036,LTCS
TR-0036,TR-0028
LTAQ,TR-0011
LTAQ,LTCR
LTAQ,LTCV
LTCS,TR-0036
LTCS,LTAV
TR-0014,LTAM
TR-0014,TR-0018
TR-0014,TR-0032
TR-0215,LTBZ
TR-0215,LTCL
TR-0215,LTAH
TR-0215,TR-0029
LTAX,LTCJ
LTAX,LTAH
LTAX,LTAJ
TR-0038,LTCV
TR-0038,LTBZ
TR-0038,LTBA
TR-0038,TR-0037
LTAW,LTAV
LTAW,LTCJ
LTAV,LTCS
LTAV,LTAW
LTAV,TR-0037
TR-0018,TR-0014
TR-0018,LTCN
LTBA,TR-0037
LTBA,LTCI
LTBA,TR-0038
LTDA,LTCM
TR-0065,LTAH
TR-0065,LTBO
TR-0065,TR-0028
LTBC,LTAL
LTBC,LTCV
TR-0009,LTBU
TR-0009,LTBR
TR-0009,LTAJ
TR-0009,LTAH
LTBO,TR-0065
LTBO,LTBU
LTBU,LTBO
LTBU,TR-0009
LTBR,TR-0009
LTBR,TR-0037
TR-0028,LTCL
TR-0028,LTCA
TR-0028,LTCN
TR-0028,TR-0065
TR-0028,TR-0036
TR-0029,LTCM
TR-0029,LFTO
TR-0029,TR-0215
